,com
0,59350
1,58194
2,80131
3,73081
4,34113
5,83097
6,77122
7,64348
8,69199
9,14118
10,6041
11,3080
12,13071
13,97415
14,35238
15,77042
16,92002
17,92026
18,75119
19,37122
20,78440
21,1374
22,33249
23,79191
24,69259
25,49015
26,64102
27,85277
28,6030
29,73290
30,97113
31,6069
32,95572
33,31555
34,69202
35,87085
36,1005
37,93010
38,64445
39,69383
40,93045
41,13055
42,1228
43,97101
44,72031
45,82179
46,83069
47,69386
48,33281
49,201004
50,201247
51,47157
52,94033
53,75110
54,76565
55,53127
56,65127
57,97302
58,75120
59,12089
60,67043
61,38377
62,13004
63,93001
64,17485
65,93066
66,5061
67,33318
68,61153
69,60159
70,94081
71,68007
72,92025
73,93031
74,75112
75,13117
76,91687
77,44109
78,69275
79,92050
80,65447
81,27367
82,38261
83,9013
84,45286
85,79116
86,56007
87,73151
88,76231
89,94022
90,78217
91,75102
92,78640
93,34016
94,91027
95,26170
96,13047
97,52432
98,33033
99,93078
100,93062
101,13213
102,83050
103,84085
104,30028
105,94076
106,37156
107,69091
108,76095
109,94073
110,37214
111,6123
112,49215
113,6027
114,13212
115,76452
116,64260
117,69387
118,77186
119,67125
120,37216
121,92020
122,75113
123,60102
124,16124
125,71040
126,3297
127,91216
128,76404
129,27013
130,91156
131,92036
132,78224
133,75109
134,13103
135,94078
136,34028
137,69276
138,1053
139,13208
140,45234
141,42338
142,33013
143,33397
144,201345
145,75116
146,1185
147,59648
148,97305
149,91689
150,76055
151,202033
152,93032
153,10387
154,13022
155,92032
156,13210
157,69092
158,33032
159,42239
160,15014
161,63164
162,49010
163,66136
164,91553
165,8409
166,64317
167,33063
168,65047
169,78401
170,71412
171,97209
172,73248
173,1235
174,13078
175,93051
176,94065
177,13211
178,49267
179,75107
180,53054
181,93007
182,69096
183,2814
184,97416
185,34240
186,54462
187,97615
188,75114
189,77083
190,82027
191,80021
192,13202
193,1033
194,94054
195,65440
196,60029
197,29155
198,51058
199,95019
200,22214
201,74309
202,18290
203,54273
204,92064
205,64024
206,93046
207,25056
208,19146
209,69116
210,62439
211,76734
212,92012
213,7316
214,77436
215,42182
216,33119
217,75115
218,6029
219,13019
220,93027
221,78423
222,28280
223,74008
224,27049
225,69143
226,73262
227,37132
228,17327
229,93014
230,75117
231,76276
232,71486
233,56140
234,98818
235,55291
236,33162
237,11262
238,41295
239,97213
240,85300
241,8343
242,56113
243,53113
244,94037
245,92073
246,69266
247,94046
248,13201
249,94080
250,67482
251,17471
252,59009
253,76540
254,94002
255,91103
256,16093
257,69389
258,76498
259,33199
260,94021
261,75104
262,1334
263,78621
264,92044
265,79242
266,30178
267,95277
268,60471
269,13215
270,22360
271,2441
272,57428
273,13209
274,51507
275,21231
276,51362
277,92035
278,1109
279,68288
280,22143
281,86158
282,69290
283,93029
284,97210
285,27569
286,14427
287,51454
288,30228
289,95127
290,74225
291,91223
292,83090
293,95607
294,45160
295,75111
296,84078
297,91377
298,91589
299,56205
300,91691
301,93008
302,32116
303,33529
304,3173
305,95598
306,70257
307,13001
308,26183
309,40281
310,85191
311,47048
312,89086
313,47001
314,45235
315,38384
316,91201
317,76280
318,202120
319,27016
320,93061
321,41018
322,95604
323,30012
324,74208
325,62842
326,73296
327,25551
328,49007
329,33039
330,92049
331,77146
332,59371
333,71498
334,202314
335,6018
336,18281
337,29046
338,13032
339,34270
340,37261
341,76575
342,13028
343,76035
344,27617
345,26220
346,16234
347,78090
348,47323
349,30189
350,92014
351,1353
352,62066
353,58057
354,74311
355,77438
356,29232
357,22213
358,75108
359,16148
360,56121
361,74012
362,27681
363,31157
364,69142
365,13005
366,71408
367,94041
368,92051
369,97411
370,38185
371,13043
372,23096
373,38087
374,69168
375,6088
376,95682
377,56098
378,31588
379,11069
380,29036
381,54059
382,92024
383,72237
384,68374
385,85204
386,76131
387,17306
388,54395
389,13066
390,6150
391,92022
392,14193
393,69286
394,33075
395,97128
396,93074
397,57672
398,81105
399,59599
400,82121
401,42330
402,7217
403,94068
404,1283
405,77367
406,71270
407,38545
408,85084
409,93064
410,76481
411,85197
412,49099
413,14506
414,13112
415,30341
416,93053
417,49180
418,33003
419,68123
420,54067
421,12268
422,62119
423,26347
424,1266
425,84074
426,5132
427,92047
428,51576
429,56204
430,76451
431,43130
432,97218
433,60057
434,29174
435,57206
436,60463
437,3247
438,77288
439,76351
440,94028
441,33487
442,17056
443,43218
444,44063
445,7260
446,30141
447,69081
448,35219
449,5091
450,59459
451,27489
452,44021
453,50147
454,19272
455,55108
456,63113
457,63075
458,77363
459,77450
460,74118
461,34301
462,95504
463,94034
464,97502
465,95306
466,84110
467,68359
468,65341
469,92062
470,77249
471,57087
472,65286
473,45208
474,66094
475,97801
476,63213
477,69034
478,6083
479,22245
480,74256
481,13106
482,28334
483,201114
484,13203
485,38276
486,93070
487,83137
488,33366
489,63092
490,53250
491,56260
492,76447
493,28194
494,39160
495,57303
496,201008
497,79013
498,69388
499,45290
500,29019
501,81183
502,44162
503,42170
504,73087
505,94079
506,77431
507,59212
508,71494
509,75118
510,98820
511,65059
512,97409
513,33200
514,97407
515,59122
516,51352
517,80686
518,86194
519,93048
520,69127
521,97611
522,76026
523,57069
524,40002
525,97307
526,11441
527,80335
528,42095
529,97120
530,94052
531,91667
532,75105
533,35237
534,34003
535,59553
536,69297
537,93013
538,68178
539,95427
540,69256
541,84080
542,4134
543,39047
544,78389
545,91174
546,78466
547,83063
548,24547
549,41176
550,4163
551,27284
552,33550
553,42218
554,13205
555,13091
556,24225
557,54073
558,2379
559,80170
560,13206
561,69283
562,92007
563,35152
564,71305
565,33433
566,61440
567,95424
568,49167
569,74010
570,71540
571,76108
572,36044
573,21567
574,72078
575,72181
576,57484
577,33323
578,34343
579,75106
580,38085
581,97107
582,93071
583,62041
584,80295
585,95555
586,95210
587,21336
588,32013
589,37104
590,202251
591,51108
592,54329
593,31069
594,77209
595,1386
596,14515
597,68366
598,37004
599,26198
600,84086
601,1194
602,69384
603,56094
604,83148
605,73011
606,83107
607,60021
608,58151
609,60090
610,59435
611,91514
612,37155
613,21202
614,16418
615,6085
616,33167
617,30011
618,87075
619,44014
620,71024
621,64483
622,51166
623,26219
624,56122
625,22070
626,83119
627,1173
628,7247
629,91286
630,54184
631,83104
632,13113
633,26169
634,57306
635,69010
636,62113
637,69204
638,57757
639,1301
640,63195
641,19121
642,77373
643,27439
644,42120
645,85218
646,86066
647,7169
648,35055
649,31118
650,69152
651,71076
652,93059
653,73010
654,13056
655,6079
656,94004
657,57245
658,87113
659,47071
660,59378
661,27270
662,13098
663,34146
664,94017
665,46042
666,94043
667,97114
668,88206
669,9122
670,13081
671,49029
672,31417
673,38556
674,94016
675,97422
676,91432
677,2168
678,22076
679,27372
680,9209
681,69027
682,97116
683,92004
684,67103
685,85215
686,10092
687,65100
688,40062
689,3155
690,77517
691,75103
692,76543
693,35278
694,68144
695,62865
696,76305
697,80013
698,62245
699,25462
700,69117
701,32462
702,52121
703,40184
704,54167
705,61018
706,91479
707,67188
708,54547
709,67462
710,24145
711,44077
712,14745
713,49328
714,26312
715,31511
716,53109
717,66217
718,68300
719,71075
720,85288
721,97230
722,15168
723,44107
724,70473
725,67153
726,77079
727,69047
728,80094
729,51585
730,41212
731,2430
732,69381
733,22226
734,27701
735,14570
736,29126
737,45089
738,49018
739,36202
740,84084
741,60247
742,55405
743,14371
744,38053
745,1249
746,38416
747,33143
748,58282
749,5146
750,94018
751,61293
752,3101
753,89354
754,85035
755,71414
756,24405
757,76126
758,59636
759,83019
760,64140
761,87065
762,67364
763,50401
764,91661
765,94053
766,17291
767,47326
768,27562
769,91161
770,92040
771,38236
772,33122
773,44165
774,50647
775,77216
776,74262
777,69382
778,44180
779,26166
780,76457
781,202080
782,33157
783,85029
784,62080
785,60116
786,78524
787,26179
788,77196
789,17202
790,78190
791,30212
792,95491
793,63284
794,14520
795,8363
796,13086
797,42207
798,38486
799,35288
800,98831
801,94055
802,95582
803,78073
804,33314
805,33192
806,71555
807,92078
808,83025
809,30162
810,4024
811,36018
812,50502
813,74302
814,59260
815,89387
816,35126
817,60466
818,69291
819,29016
820,61230
821,13051
822,26301
823,38565
824,69243
825,72059
826,66049
827,14578
828,68121
829,97410
830,80702
831,59660
832,61328
833,29039
834,91521
835,70058
836,42127
837,50167
838,77474
839,61345
840,50066
841,85090
842,38179
843,27261
844,48005
845,35310
846,14538
847,28218
848,44074
849,91215
850,49353
851,77182
852,95268
853,78418
854,58264
855,62579
856,13100
857,7195
858,50481
859,80489
860,34032
861,49283
862,79299
863,64132
864,63150
865,67348
866,17264
867,67304
868,14242
869,79340
870,28314
871,71263
872,67070
873,93006
874,84031
875,42126
876,83123
877,58152
878,98817
879,47195
880,29051
881,1446
882,94075
883,78321
884,77435
885,14012
886,61121
887,49192
888,91645
889,3022
890,63086
891,202134
892,35099
893,71306
894,14101
895,49244
896,38515
897,35051
898,69264
899,60612
900,37233
901,91433
902,22113
903,89404
904,65437
905,95241
906,87154
907,64122
908,42181
909,36154
910,77410
911,83126
912,24520
913,65417
914,42240
915,60485
916,17385
917,73050
918,38158
919,53126
920,38151
921,22008
922,94003
923,67124
924,28220
925,10333
926,85194
927,45270
928,80624
929,83065
930,94011
931,56032
932,27378
933,62498
934,5065
935,6038
936,26058
937,76681
938,51583
939,98738
940,29259
941,88361
942,37225
943,78646
944,95585
945,85175
946,34023
947,69088
948,75101
949,2063
950,16146
951,2408
952,21640
953,29195
954,49248
955,88321
956,9312
957,77308
958,72337
959,70428
960,6095
961,76217
962,51662
963,202049
964,34172
965,63178
966,77091
967,92009
968,93057
969,37003
970,77251
971,59508
972,78490
973,94069
974,19007
975,80182
976,47051
977,87050
978,88175
979,8468
980,33085
981,19031
982,83121
983,28071
984,44026
985,97418
986,33316
987,2013
988,13045
989,79202
990,13214
991,32296
992,79007
993,64010
994,78531
995,50532
996,2665
997,67218
998,67519
999,78096
1000,93073
1001,55351
1002,47050
1003,45169
1004,31547
1005,59560
1006,68224
1007,29026
1008,13110
1009,54526
1010,33155
1011,59368
1012,21054
1013,59578
1014,56083
1015,67388
1016,27229
1017,81004
1018,11431
1019,28108
1020,17200
1021,98827
1022,59046
1023,29225
1024,6080
1025,74305
1026,44097
1027,54212
1028,13216
1029,70433
1030,27587
1031,38304
1032,8367
1033,92063
1034,16272
1035,35317
1036,9019
1037,17359
1038,91179
1039,52288
1040,43071
1041,46034
1042,59271
1043,60319
1044,97119
1045,83061
1046,47214
1047,25218
1048,86213
1049,83144
1050,83059
1051,68066
1052,91549
1053,61040
1054,64475
1055,69149
1056,67049
1057,54208
1058,91114
1059,78346
1060,89167
1061,77485
1062,92033
1063,1196
1064,42208
1065,29175
1066,17225
1067,72195
1068,4112
1069,62205
1070,38527
1071,43234
1072,94044
1073,77269
1074,12208
1075,37195
1076,34255
1077,63200
1078,64493
1079,54495
1080,43137
1081,14341
1082,57596
1083,36033
1084,39510
1085,51391
1086,7348
1087,76296
1088,95394
1089,9282
1090,91200
1091,33069
1092,78498
1093,67447
1094,38140
1095,50129
1096,30319
1097,59090
1098,95028
1099,61424
1100,73191
1101,42226
1102,18279
1103,34151
1104,69255
1105,15165
1106,78545
1107,38314
1108,45068
1109,1034
1110,77039
1111,16089
1112,19154
1113,14271
1114,35297
1115,28183
1116,14528
1117,93005
1118,50484
1119,42184
1120,40287
1121,13042
1122,77018
1123,14047
1124,15074
1125,57143
1126,18087
1127,69029
1128,72077
1129,29302
1130,4242
1131,56041
1132,97606
1133,74042
1134,30083
1135,2464
1136,80606
1137,3098
1138,17380
1139,98714
1140,93079
1141,21272
1142,78140
1143,94042
1144,55504
1145,85295
1146,59650
1147,28085
1148,56008
1149,42097
1150,86115
1151,28158
1152,83032
1153,67252
1154,14191
1155,14557
1156,13204
1157,65226
1158,40273
1159,66210
1160,6149
1161,69055
1162,44055
1163,63358
1164,91111
1165,61397
1166,37270
1167,76414
1168,74289
1169,77354
1170,35013
1171,54250
1172,17300
1173,43117
1174,2165
1175,33138
1176,28134
1177,59183
1178,44069
1179,80766
1180,1027
1181,42011
1182,7005
1183,85151
1184,17449
1185,59279
1186,38198
1187,33483
1188,59178
1189,33540
1190,12100
1191,63116
1192,94058
1193,8105
1194,33522
1195,83068
1196,67534
1197,57516
1198,1436
1199,51618
1200,29181
1201,45008
1202,52354
1203,59379
1204,49228
1205,50003
1206,98826
1207,60176
1208,29171
1209,59220
1210,36070
1211,30134
1212,83129
1213,34163
1214,18231
1215,45004
1216,94059
1217,68140
1218,97309
1219,93050
1220,34101
1221,92019
1222,33080
1223,38298
1224,45120
1225,42128
1226,38463
1227,91579
1228,84132
1229,76718
1230,40312
1231,97109
1232,55122
1233,49355
1234,69209
1235,13015
1236,91434
1237,13040
1238,34022
1239,34108
1240,9324
1241,89478
1242,44184
1243,97103
1244,80422
1245,19276
1246,58086
1247,57430
1248,78551
1249,60111
1250,202037
1251,81220
1252,74152
1253,62166
1254,77372
1255,37208
1256,33243
1257,23202
1258,80807
1259,83100
1260,12200
1261,29247
1262,9269
1263,77370
1264,54260
1265,27075
1266,22090
1267,7136
1268,69385
1269,2422
1270,92060
1271,201041
1272,31291
1273,77514
1274,69271
1275,39437
1276,45072
1277,89257
1278,95059
1279,26052
1280,51199
1281,81070
1282,43041
1283,47301
1284,18081
1285,7102
1286,59328
1287,33334
1288,50173
1289,72003
1290,59606
1291,7281
1292,82038
1293,34194
1294,10343
1295,91136
1296,55490
1297,54482
1298,89024
1299,35115
1300,41223
1301,9124
1302,40001
1303,78007
1304,9065
1305,38239
1306,67066
1307,11360
1308,16140
1309,81128
1310,76715
1311,81257
1312,56081
1313,8237
1314,34157
1315,83070
1316,59386
1317,7080
1318,80031
1319,42308
1320,95351
1321,1175
1322,39150
1323,77001
1324,3189
1325,43152
1326,25002
1327,97414
1328,59512
1329,95018
1330,85242
1331,84028
1332,76429
1333,30039
1334,1344
1335,18073
1336,53125
1337,93055
1338,35136
1339,8097
1340,202073
1341,51508
1342,45179
1343,73304
1344,37178
1345,59261
1346,79270
1347,26252
1348,77258
1349,201249
1350,56004
1351,33539
1352,77433
1353,85003
1354,44205
1355,94071
1356,71559
1357,89282
1358,4135
1359,14699
1360,74206
1361,19151
1362,76684
1363,62030
1364,84054
1365,2738
1366,71310
1367,62318
1368,94019
1369,3254
1370,88037
1371,93063
1372,51147
1373,46137
1374,34084
1375,91235
1376,98830
1377,46165
1378,61419
1379,202042
1380,94038
1381,17240
1382,60599
1383,70459
1384,78126
1385,76624
1386,74133
1387,45147
1388,38211
1389,85155
1390,45284
1391,78402
1392,24008
1393,8125
1394,30090
1395,21352
1396,85129
1397,77439
1398,97122
1399,38518
1400,47043
1401,3185
1402,43163
1403,92072
1404,43268
1405,38316
1406,29037
1407,79062
1408,14299
1409,54431
1410,22106
1411,6023
1412,37082
1413,41207
1414,55029
1415,60189
1416,7255
1417,13108
1418,35289
1419,45193
1420,29124
1421,25204
1422,57300
1423,67028
1424,61278
1425,93039
1426,60069
1427,68229
1428,98747
1429,97311
1430,25524
1431,24269
1432,57365
1433,6104
1434,27260
1435,85093
1436,83115
1437,38344
1438,59146
1439,55472
1440,14654
1441,76021
1442,28088
1443,91228
1444,50165
1445,1451
1446,95488
1447,42304
1448,47146
1449,33268
1450,38336
1451,59269
1452,71351
1453,42253
1454,34217
1455,31163
1456,1264
1457,98733
1458,201272
1459,66190
1460,51326
1461,83047
1462,78322
1463,39241
1464,48016
1465,84111
1466,92071
1467,1305
1468,50486
1469,65123
1470,64141
1471,28001
1472,62033
1473,77152
1474,60175
1475,84147
1476,98716
1477,78043
1478,11426
1479,21038
1480,29191
1481,91477
1482,13207
1483,64256
1484,78297
1485,29197
1486,19174
1487,50602
1488,72006
1489,31585
1490,34119
1491,62473
1492,78003
1493,29216
1494,60524
1495,38284
1496,83131
1497,30007
1498,93033
1499,68112
1500,33049
1501,5166
1502,76243
1503,72370
1504,68278
1505,60628
1506,58059
1507,68287
1508,94067
1509,83018
1510,59299
1511,77219
1512,59421
1513,84092
1514,95365
1515,14062
1516,92076
1517,13063
1518,79049
1519,89206
1520,78133
1521,29233
1522,60030
1523,26362
1524,26281
1525,3310
1526,14027
1527,98736
1528,69273
1529,42005
1530,35281
1531,4006
1532,84056
1533,57574
1534,67046
1535,13044
1536,10116
1537,98821
1538,46312
1539,59349
1540,22155
1541,74087
1542,97124
1543,38167
1544,77294
1545,72292
1546,92023
1547,18050
1548,95489
1549,38451
1550,50295
1551,59518
1552,93072
1553,71571
1554,61341
1555,94056
1556,42110
1557,77332
1558,31175
1559,63103
1560,2810
1561,21565
1562,87046
1563,49023
1564,70210
1565,22174
1566,61218
1567,52062
1568,38190
1569,32027
1570,73176
1571,95675
1572,51663
1573,21263
1574,89104
1575,33554
1576,84007
1577,44126
1578,98822
1579,74220
1580,62042
1581,78638
1582,95252
1583,27656
1584,2186
1585,61179
1586,33474
1587,56222
1588,35206
1589,1043
1590,55267
1591,97132
1592,4019
1593,51355
1594,44009
1595,56046
1596,22264
1597,48119
1598,34320
1599,71490
1600,95014
1601,84087
1602,60589
1603,31116
1604,31255
1605,68249
1606,6066
1607,83030
1608,79178
1609,69028
1610,27188
1611,52093
1612,88409
1613,34198
1614,45093
1615,6004
1616,33348
1617,26330
1618,63014
1619,64353
1620,19101
1621,63236
1622,57540
1623,61070
1624,79086
1625,51027
1626,68176
1627,60395
1628,17459
1629,54328
1630,6044
1631,53062
1632,59391
1633,202050
1634,72334
1635,61486
1636,34143
1637,45175
1638,91659
1639,63019
1640,36162
1641,76475
1642,91421
1643,38544
1644,42210
1645,54342
1646,30223
1647,74263
1648,3033
1649,3275
1650,61464
1651,34295
1652,50562
1653,17389
1654,34289
1655,4033
1656,69159
1657,2742
1658,3212
1659,62193
1660,14572
1661,202353
1662,58094
1663,38074
1664,87135
1665,2360
1666,59223
1667,29254
1668,67118
1669,50218
1670,74167
1671,31517
1672,33065
1673,27677
1674,31202
1675,30339
1676,63438
1677,76709
1678,10438
1679,69282
1680,70205
1681,39202
1682,93077
1683,24571
1684,98832
1685,27388
1686,78362
1687,15012
1688,53009
1689,61145
1690,68294
1691,27137
1692,24240
1693,27375
1694,60341
1695,2676
1696,60002
1697,77040
1698,42299
1699,79163
1700,14270
1701,97402
1702,33282
1703,95313
1704,22182
1705,59011
1706,54286
1707,5052
1708,31412
1709,97121
1710,47168
1711,19070
1712,35210
1713,64189
1714,76397
1715,62215
1716,95288
1717,37072
1718,61491
1719,88349
1720,55237
1721,52365
1722,95500
1723,91226
1724,1045
1725,98735
1726,7019
1727,6048
1728,38001
1729,62037
1730,63093
1731,91570
1732,91312
1733,38082
1734,78118
1735,29183
1736,77407
1737,25372
1738,38450
1739,42168
1740,97105
1741,83101
1742,63203
1743,74071
1744,68141
1745,91021
1746,5089
1747,30351
1748,26235
1749,7096
1750,73298
1751,29246
1752,84116
1753,76157
1754,56239
1755,3217
1756,10427
1757,54434
1758,38160
1759,62869
1760,63048
1761,80725
1762,68292
1763,95116
1764,77483
1765,62528
1766,27072
1767,59234
1768,38036
1769,68315
1770,32187
1771,202283
1772,74067
1773,95580
1774,1390
1775,59343
1776,60288
1777,95680
1778,46121
1779,52208
1780,56107
1781,38051
1782,37159
1783,30258
1784,32181
1785,97313
1786,51367
1787,97612
1788,17211
1789,60335
1790,38193
1791,95056
1792,26088
1793,22103
1794,78208
1795,91086
1796,2498
1797,74127
1798,92046
1799,59372
1800,62427
1801,28195
1802,54549
1803,64380
1804,31206
1805,13039
1806,30326
1807,68247
1808,54351
1809,59094
1810,63032
1811,63317
1812,88467
1813,80320
1814,77449
1815,81117
1816,24159
1817,5161
1818,17161
1819,24133
1820,29031
1821,39441
1822,69141
1823,38543
1824,38448
1825,19043
1826,69069
1827,62221
1828,59184
1829,72369
1830,30333
1831,88483
1832,83116
1833,95594
1834,54197
1835,58115
1836,34134
1837,54426
1838,65173
1839,31044
1840,3274
1841,80117
1842,64532
1843,67122
1844,50041
1845,59017
1846,13076
1847,47201
1848,10296
1849,44129
1850,60222
1851,1166
1852,26337
1853,84020
1854,72209
1855,77243
1856,24207
1857,31106
1858,4166
1859,85101
1860,32231
1861,33494
1862,56165
1863,27114
1864,31395
1865,45338
1866,26324
1867,73008
1868,46145
1869,54578
1870,59195
1871,62233
1872,54115
1873,77238
1874,6152
1875,21397
1876,59581
1877,77169
1878,35040
1879,64519
1880,69140
1881,15154
1882,40178
1883,60106
1884,4096
1885,59462
1886,83062
1887,59063
1888,22162
1889,33448
1890,61117
1891,61422
1892,37133
1893,12039
1894,94077
1895,51230
1896,83035
1897,57221
1898,87048
1899,19125
1900,83036
1901,8003
1902,58131
1903,1245
1904,38389
1905,38449
1906,63311
1907,27464
1908,21238
1909,41256
1910,72272
1911,76192
1912,14203
1913,24479
1914,28398
1915,71153
1916,97412
1917,45340
1918,14488
1919,80410
1920,24249
1921,54274
1922,2048
1923,29266
1924,42323
1925,61133
1926,22193
1927,27134
1928,13054
1929,38057
1930,69287
1931,38110
1932,41043
1933,16064
1934,201032
1935,8281
1936,82006
1937,3216
1938,76484
1939,33449
1940,77468
1941,12145
1942,97303
1943,97203
1944,74155
1945,31317
1946,76146
1947,91657
1948,64125
1949,7324
1950,19079
1951,35250
1952,33414
1953,30308
1954,59232
1955,83004
1956,51019
1957,62510
1958,34293
1959,60454
1960,83057
1961,201215
1962,32290
1963,18200
1964,38197
1965,14689
1966,38401
1967,45315
1968,49323
1969,31442
1970,42071
1971,33009
1972,87106
1973,29208
1974,88188
1975,92077
1976,33267
1977,80628
1978,8037
1979,3085
1980,73021
1981,89195
1982,29003
1983,57210
1984,10357
1985,74298
1986,48042
1987,71248
1988,71070
1989,22118
1990,80240
1991,62571
1992,73255
1993,98813
1994,18245
1995,60321
1996,27133
1997,88044
1998,77059
1999,59033
2000,55457
2001,86163
2002,70550
2003,10323
2004,31066
2005,42021
2006,44169
2007,80016
2008,80343
2009,97129
2010,61467
2011,51386
2012,87158
2013,77305
2014,51506
2015,17218
2016,35191
2017,56185
2018,13029
2019,60405
2020,83052
2021,67067
2022,31582
2023,29228
2024,18273
2025,52193
2026,14162
2027,89254
2028,13096
2029,92048
2030,98613
2031,79077
2032,68005
2033,71353
2034,52371
2035,91326
2036,21525
2037,86197
2038,17347
2039,32106
2040,30003
2041,9264
2042,94015
2043,30006
2044,41095
2045,44190
2046,81065
2047,83130
2048,60239
2049,11178
2050,59623
2051,26008
2052,16071
2053,37154
2054,62806
2055,60119
2056,54322
2057,31091
2058,54159
2059,70405
2060,67115
2061,43224
2062,47054
2063,33294
2064,16414
2065,14752
2066,25388
2067,68298
2068,68334
2069,45281
2070,97610
2071,51243
2072,86214
2073,97217
2074,62451
2075,77168
2076,88160
2077,91064
2078,1046
2079,1289
2080,6157
2081,59139
2082,76647
2083,86225
2084,45094
2085,42256
2086,14437
2087,67339
2088,73257
2089,26064
2090,18024
2091,51205
2092,13026
2093,33273
2094,42328
2095,74119
2096,59123
2097,59392
2098,47100
2099,10362
2100,57659
2101,27477
2102,37153
2103,7127
2104,1066
2105,30257
2106,68223
2107,53121
2108,44067
2109,22046
2110,67263
2111,40236
2112,95229
2113,95612
2114,64043
2115,59477
2116,30037
2117,57052
2118,33492
2119,26084
2120,72167
2121,89267
2122,21171
2123,2601
2124,66059
2125,1004
2126,95428
2127,71014
2128,40104
2129,58134
2130,72029
2131,37142
2132,97360
2133,31446
2134,55369
2135,34228
2136,35236
2137,7126
2138,89468
2139,97232
2140,71383
2141,89134
2142,2212
2143,78455
2144,45087
2145,38324
2146,28300
2147,71060
2148,77121
2149,3118
2150,22187
2151,33051
2152,14431
2153,93047
2154,11037
2155,14220
2156,25560
2157,22081
2158,3175
2159,71520
2160,30259
2161,68368
2162,25434
2163,69112
2164,56033
2165,17028
2166,11140
2167,3236
2168,54300
2169,77112
2170,60187
2171,74287
2172,24037
2173,44005
2174,26042
2175,33096
2176,56036
2177,54304
2178,33016
2179,98745
2180,16269
2181,67374
2182,38342
2183,83046
2184,10173
2185,64237
2186,13070
2187,88251
2188,53094
2189,47250
2190,28046
2191,44158
2192,43135
2193,13077
2194,69270
2195,34209
2196,68062
2197,59205
2198,39434
2199,81011
2200,51334
2201,47049
2202,95539
2203,33417
2204,21389
2205,50087
2206,29004
2207,78029
2208,80334
2209,17315
2210,21599
2211,3120
2212,79081
2213,97207
2214,22054
2215,7066
2216,45024
2217,97353
2218,56151
2219,76383
2220,59291
2221,76099
2222,22286
2223,14715
2224,28330
2225,66050
2226,2495
2227,62178
2228,26146
2229,86102
2230,11145
2231,45232
2232,40123
2233,38442
2234,67152
2235,71118
2236,44154
2237,51172
2238,57529
2239,22278
2240,72051
2241,78020
2242,69023
2243,64410
2244,2173
2245,27289
2246,10081
2247,82124
2248,80062
2249,71448
2250,62310
2251,37170
2252,1138
2253,91085
2254,77279
2255,14001
2256,7064
2257,29134
2258,13073
2259,2032
2260,62224
2261,42081
2262,77025
2263,17421
2264,6073
2265,95280
2266,67366
2267,69236
2268,95250
2269,27410
2270,21229
2271,64041
2272,6077
2273,79115
2274,44062
2275,95060
2276,59640
2277,95154
2278,28018
2279,77154
2280,30094
2281,1290
2282,1124
2283,40036
2284,201189
2285,73047
2286,49125
2287,42243
2288,14705
2289,1285
2290,16405
2291,8370
2292,68163
2293,22239
2294,78354
2295,85127
2296,60462
2297,39486
2298,34127
2299,91692
2300,51422
2301,66008
2302,62711
2303,31203
2304,61394
2305,39198
2306,31149
2307,22389
2308,91339
2309,24558
2310,64160
2311,89295
2312,57012
2313,42044
2314,57591
2315,43095
2316,76341
2317,18038
2318,57631
2319,60286
2320,36200
2321,62793
2322,80273
2323,85024
2324,11036
2325,42237
2326,57240
2327,68340
2328,25547
2329,74105
2330,49364
2331,78481
2332,29151
2333,67180
2334,70477
2335,42009
2336,56040
2337,38397
2338,24122
2339,59410
2340,16011
2341,62771
2342,54253
2343,88075
2344,80754
2345,76259
2346,87205
2347,51388
2348,49127
2349,44072
2350,26313
2351,72042
2352,55215
2353,84070
2354,65353
2355,56206
2356,86293
2357,66015
2358,69206
2359,14562
2360,68251
2361,74034
2362,60143
2363,38557
2364,70326
2365,29206
2366,97304
2367,41091
2368,33002
2369,68338
2370,44003
2371,62401
2372,76270
2373,10375
2374,88413
2375,36226
2376,74056
2377,29015
2378,73308
2379,51118
2380,91665
2381,30060
2382,37273
2383,91340
2384,78311
2385,28006
2386,50115
2387,54327
2388,62118
2389,21271
2390,60408
2391,38405
2392,51346
2393,65470
2394,97125
2395,1159
2396,26165
2397,77248
2398,56143
2399,32256
2400,17165
2401,62589
2402,30033
2403,70416
2404,63345
2405,14137
2406,37010
2407,16264
2408,14143
2409,59449
2410,8133
2411,76057
2412,31177
2413,24581
2414,78506
2415,31049
2416,17208
2417,27425
2418,42311
2419,76561
2420,17461
2421,64545
2422,1443
2423,44113
2424,79298
2425,77151
2426,78220
2427,67473
2428,84069
2429,50178
2430,68323
2431,37206
2432,91471
2433,98734
2434,201198
2435,78128
2436,47233
2437,3320
2438,39129
2439,78398
2440,97701
2441,44047
2442,31341
2443,77192
2444,74106
2445,60310
2446,80815
2447,60509
2448,22345
2449,78206
2450,22215
2451,29045
2452,71272
2453,81140
2454,69200
2455,49246
2456,43192
2457,78537
2458,17469
2459,17187
2460,79150
2461,8391
2462,2718
2463,45335
2464,69009
2465,31344
2466,24156
2467,97405
2468,74128
2469,54108
2470,39458
2471,4013
2472,85234
2473,62736
2474,93049
2475,52162
2476,22242
2477,57283
2478,54437
2479,13085
2480,70219
2481,3293
2482,90010
2483,89276
2484,73232
2485,14011
2486,30027
2487,29061
2488,34154
2489,97117
2490,74136
2491,37049
2492,60547
2493,38376
2494,41287
2495,56014
2496,66212
2497,56162
2498,54008
2499,31085
2500,6012
2501,31028
2502,17439
2503,10270
2504,64335
2505,42172
2506,54265
2507,53130
2508,12083
2509,55366
2510,27196
2511,43002
2512,35093
2513,1275
2514,73065
2515,41051
2516,65257
2517,49237
2518,56173
2519,14332
2520,91041
2521,38429
2522,55537
2523,60103
2524,33022
2525,6161
2526,50639
2527,5184
2528,83012
2529,41164
2530,58238
2531,80395
2532,35363
2533,42052
2534,201271
2535,11418
2536,202236
2537,11410
2538,18057
2539,8397
2540,49092
2541,57096
2542,85174
2543,56015
2544,19199
2545,48010
2546,31483
2547,33436
2548,86261
2549,27039
2550,60087
2551,82104
2552,46033
2553,48055
2554,1331
2555,69244
2556,36002
2557,97134
2558,46185
2559,44028
2560,98803
2561,2667
2562,52014
2563,81204
2564,36012
2565,88114
2566,10321
2567,45308
2568,61181
2569,71073
2570,47015
2571,69151
2572,54261
2573,72154
2574,29217
2575,61176
2576,97224
2577,202343
2578,45285
2579,29293
2580,7302
2581,74094
2582,76319
2583,43120
2584,74242
2585,28021
2586,24340
2587,77295
2588,38509
2589,59481
2590,25132
2591,43012
2592,26341
2593,61213
2594,34145
2595,88225
2596,57656
2597,26072
2598,3321
2599,84008
2600,54292
2601,1313
2602,62499
2603,27414
2604,71397
2605,42064
2606,83048
2607,21515
2608,91191
2609,74222
2610,14174
2611,91425
2612,30161
2613,50203
2614,22255
2615,52449
2616,69267
2617,4018
2618,31454
2619,17243
2620,33341
2621,77495
2622,55254
2623,37018
2624,83031
2625,31107
2626,80639
2627,41239
2628,32107
2629,32012
2630,201232
2631,79161
2632,72257
2633,30243
2634,59360
2635,72054
2636,34114
2637,1354
2638,38156
2639,62011
2640,28191
2641,79207
2642,29114
2643,61166
2644,30352
2645,9225
2646,64269
2647,35024
2648,62447
2649,29234
2650,24317
2651,3163
2652,56061
2653,91122
2654,34327
2655,48198
2656,9182
2657,6007
2658,85144
2659,45302
2660,7079
2661,86088
2662,49235
2663,3190
2664,84138
2665,80129
2666,44013
2667,77106
2668,69022
2669,51479
2670,22074
2671,45067
2672,201017
2673,44128
2674,31573
2675,50168
2676,1142
2677,49359
2678,1248
2679,38195
2680,35068
2681,47203
2682,69101
2683,21607
2684,59043
2685,64129
2686,14327
2687,29165
2688,63070
2689,6032
2690,91469
2691,8214
2692,83085
2693,42014
2694,59024
2695,2691
2696,61494
2697,30336
2698,24443
2699,1179
2700,94048
2701,14209
2702,71150
2703,72383
2704,17415
2705,27318
2706,77031
2707,2095
2708,66164
2709,66023
2710,27246
2711,84039
2712,28229
2713,12202
2714,44132
2715,16243
2716,73029
2717,12096
2718,31100
2719,66105
2720,27563
2721,44213
2722,11068
2723,33018
2724,79195
2725,71309
2726,59324
2727,21355
2728,70285
2729,50297
2730,46176
2731,14181
2732,11098
2733,60089
2734,53238
2735,59654
2736,67437
2737,79355
2738,57320
2739,13083
2740,50252
2741,77014
2742,91347
2743,72013
2744,85267
2745,29140
2746,12101
2747,74264
2748,59285
2749,78238
2750,12052
2751,3158
2752,56224
2753,51486
2754,74281
2755,17142
2756,33376
2757,82125
2758,77141
2759,49343
2760,51531
2761,38382
2762,98812
2763,72147
2764,62667
2765,64057
2766,77333
2767,22168
2768,33423
2769,1211
2770,35273
2771,59012
2772,25464
2773,17183
2774,97607
2775,84121
2776,50267
2777,6148
2778,63375
2779,9331
2780,64213
2781,80261
2782,24350
2783,55232
2784,64124
2785,80078
2786,25031
2787,64073
2788,9332
2789,70267
2790,91244
2791,83118
2792,40255
2793,83034
2794,38012
2795,39149
2796,14738
2797,58002
2798,14243
2799,38507
2800,39365
2801,19001
2802,65370
2803,73114
2804,51231
2805,64495
2806,35204
2807,70447
2808,76363
2809,77385
2810,68234
2811,9328
2812,65054
2813,97413
2814,2280
2815,65303
2816,29065
2817,46127
2818,63157
2819,40313
2820,62302
2821,98729
2822,81219
2823,31553
2824,48095
2825,69190
2826,1307
2827,4144
2828,84135
2829,95527
2830,27467
2831,74079
2832,45296
2833,6118
2834,28177
2835,38229
2836,29167
2837,50416
2838,22220
2839,85302
2840,77445
2841,59210
2842,17140
2843,1408
2844,76114
2845,202148
2846,70311
2847,29281
2848,78291
2849,77285
2850,78158
2851,76009
2852,30147
2853,44111
2854,64490
2855,91534
2856,45178
2857,19024
2858,41029
2859,27306
2860,51425
2861,42200
2862,76655
2863,9159
2864,202121
2865,57273
2866,202341
2867,77131
2868,76255
2869,76758
2870,29295
2871,54201
2872,84122
2873,13035
2874,53243
2875,59225
2876,202007
2877,11103
2878,61234
2879,33214
2880,95476
2881,89099
2882,68154
2883,82186
2884,3003
2885,3264
2886,24182
2887,59216
2888,61081
2889,42317
2890,59586
2891,17219
2892,95256
2893,59034
2894,14487
2895,86174
2896,76063
2897,3094
2898,1426
2899,37092
2900,56001
2901,65426
2902,17434
2903,72308
2904,29135
2905,73245
2906,89255
2907,68091
2908,60066
2909,50616
2910,59559
2911,40080
2912,24538
2913,76159
2914,58145
2915,78650
2916,56237
2917,5074
2918,62282
2919,202265
2920,91097
2921,3036
2922,59097
2923,18156
2924,40069
2925,94060
2926,86021
2927,69019
2928,13105
2929,64284
2930,78486
2931,34337
2932,24020
2933,89464
2934,35085
2935,45291
2936,95371
2937,19171
2938,77317
2939,17420
2940,80085
2941,70325
2942,17465
2943,56060
2944,34263
2945,51413
2946,84065
2947,39412
2948,64249
2949,55569
2950,77058
2951,60369
2952,60036
2953,73186
2954,76586
2955,76541
2956,1213
2957,89453
2958,67194
2959,78117
2960,82159
2961,10216
2962,38064
2963,22273
2964,17220
2965,85109
2966,83081
2967,62525
2968,80546
2969,63453
2970,69272
2971,10130
2972,50031
2973,49292
2974,65174
2975,55359
2976,54367
2977,71420
2978,77382
2979,4031
2980,89062
2981,57463
2982,19094
2983,69115
2984,79131
2985,61483
2986,68209
2987,50364
2988,7122
2989,38115
2990,55073
2991,18124
2992,7341
2993,4130
2994,27351
2995,31174
2996,63381
2997,31150
2998,79008
2999,31436
3000,78575
3001,35306
3002,85133
3003,72124
3004,52189
3005,54542
3006,88486
3007,58299
3008,64065
3009,73128
3010,60009
3011,80685
3012,29075
3013,62839
3014,202123
3015,78242
3016,95149
3017,97118
3018,81033
3019,43191
3020,35109
3021,59571
3022,8480
3023,28252
3024,3161
3025,32404
3026,83086
3027,66088
3028,50230
3029,85089
3030,91275
3031,54491
3032,60178
3033,28332
3034,80542
3035,52426
3036,78358
3037,8373
3038,46263
3039,35360
3040,86177
3041,81173
3042,38407
3043,94074
3044,3178
3045,78384
3046,69085
3047,64191
3048,31557
3049,16261
3050,202046
3051,40046
3052,41269
3053,1288
3054,9160
3055,74036
3056,31424
3057,78146
3058,12133
3059,68135
3060,33422
3061,60365
3062,83141
3063,33369
3064,91363
3065,80674
3066,24361
3067,4183
3068,44030
3069,26325
3070,6097
3071,27554
3072,29022
3073,45332
3074,34009
3075,35096
3076,74267
3077,70116
3078,51030
3079,61165
3080,58160
3081,62004
3082,49129
3083,61001
3084,74183
3085,52212
3086,64178
3087,29249
3088,77518
3089,66024
3090,26002
3091,9188
3092,56231
3093,57100
3094,24396
3095,23001
3096,55435
3097,17256
3098,1031
3099,64006
3100,60155
3101,38242
3102,88440
3103,77032
3104,48099
3105,59317
3106,85179
3107,33393
3108,69135
3109,80186
3110,28363
3111,91685
3112,48132
3113,41150
3114,74158
3115,77108
3116,64148
3117,27576
3118,12243
3119,33256
3120,16097
3121,83073
3122,81227
3123,15267
3124,51447
3125,52488
3126,95052
3127,80430
3128,59136
3129,58193
3130,27057
3131,42183
3132,62755
3133,3053
3134,59105
3135,68025
3136,55545
3137,12300
3138,37152
3139,69242
3140,24577
3141,77415
3142,4128
3143,49347
3144,3235
3145,35221
3146,8043
3147,14344
3148,13088
3149,98805
3150,1412
3151,71084
3152,8194
3153,5006
3154,38421
3155,29212
3156,22050
3157,77508
3158,97231
3159,54483
3160,1403
3161,1373
3162,13075
3163,6089
3164,68289
3165,24504
3166,62083
3167,13009
3168,76480
3169,71521
3170,69110
3171,11014
3172,67080
3173,44094
3174,68173
3175,7186
3176,82048
3177,62323
3178,3031
3179,7035
3180,15259
3181,55015
3182,63341
3183,4039
3184,61348
3185,47140
3186,88460
3187,13014
3188,87089
3189,45307
3190,39183
3191,76317
3192,71413
3193,12176
3194,57451
3195,19015
3196,10420
3197,28390
3198,67084
3199,29158
3200,57530
3201,10287
3202,57654
3203,29189
3204,62548
3205,64295
3206,31421
3207,63071
3208,59377
3209,45191
3210,60006
3211,63295
3212,76322
3213,22105
3214,78672
3215,26191
3216,62497
3217,16102
3218,44018
3219,18134
3220,38468
3221,52550
3222,77116
3223,14658
3224,35104
3225,62758
3226,31145
3227,23245
3228,34017
3229,71176
3230,10419
3231,6019
3232,33019
3233,71038
3234,22358
3235,87030
3236,202226
3237,83071
3238,62502
3239,43157
3240,73329
3241,72255
3242,54193
3243,74165
3244,97408
3245,72241
3246,59037
3247,53201
3248,38313
3249,36087
3250,24329
3251,69278
3252,77364
3253,31135
3254,2438
3255,78590
3256,56053
3257,62774
3258,19075
3259,6033
3260,60575
3261,6155
3262,73179
3263,17237
3264,45327
3265,21663
3266,19275
3267,2293
3268,65304
3269,59008
3270,60533
3271,44037
3272,56144
3273,13037
3274,17357
3275,93030
3276,28180
3277,17444
3278,74197
3279,59593
3280,2719
3281,16192
3282,48009
3283,76493
3284,42187
3285,65148
3286,18103
3287,49377
3288,59501
3289,1032
3290,13016
3291,10019
3292,98814
3293,25364
3294,84027
3295,62126
3296,202096
3297,35106
3298,54117
3299,17452
3300,6042
3301,72204
3302,35012
3303,51409
3304,77048
3305,12224
3306,79148
3307,84129
3308,80190
3309,70421
3310,68092
3311,55217
3312,38048
3313,3024
3314,68021
3315,30089
3316,54514
3317,42138
3318,30004
3319,82025
3320,27065
3321,67510
3322,38465
3323,74201
3324,68317
3325,62186
3326,77246
3327,87028
3328,23024
3329,89083
3330,42305
3331,33279
3332,91552
3333,76220
3334,40058
3335,71371
3336,47297
3337,8067
3338,71191
3339,34239
3340,16132
3341,79210
3342,44108
3343,13041
3344,53247
3345,34153
3346,30128
3347,31567
3348,21135
3349,72046
3350,60664
3351,22020
3352,28022
3353,201048
3354,41104
3355,64496
3356,69241
3357,17172
3358,10340
3359,36005
3360,76509
3361,66148
3362,87014
3363,41235
3364,12061
3365,22366
3366,25296
3367,22377
3368,22330
3369,37041
3370,39138
3371,14287
3372,54323
3373,43227
3374,45230
3375,76711
3376,64362
3377,81163
3378,95197
3379,62724
3380,97204
3381,56160
3382,45203
3383,65218
3384,28137
3385,57097
3386,54043
3387,77019
3388,22003
3389,58185
3390,38328
3391,5126
3392,18082
3393,7293
3394,86222
3395,14408
3396,31263
3397,61168
3398,29090
3399,88465
3400,66195
3401,62858
3402,11170
3403,37021
3404,76329
3405,77470
3406,71398
3407,49368
3408,7330
3409,4081
3410,12090
3411,13031
3412,63404
3413,42094
3414,67458
3415,28404
3416,26004
3417,7073
3418,47101
3419,49284
3420,74236
3421,73162
3422,79080
3423,10078
3424,86192
3425,66021
3426,39503
3427,30192
3428,49217
3429,39462
3430,32132
3431,48018
3432,85119
3433,85065
3434,1078
3435,44168
3436,31210
3437,95199
3438,91468
3439,63470
3440,82033
3441,72058
3442,81325
3443,16009
3444,97216
3445,78478
3446,95212
3447,60282
3448,69005
3449,56006
3450,27448
3451,38022
3452,7054
3453,14339
3454,71059
3455,69013
3456,97401
3457,98752
3458,59345
3459,50298
3460,73132
3461,39299
3462,85202
3463,3316
3464,1322
3465,60584
3466,52448
3467,74295
3468,77237
3469,73227
3470,37016
3471,54089
3472,54256
3473,202248
3474,83066
3475,38005
3476,76204
3477,29072
3478,53128
3479,63450
3480,28012
3481,4070
3482,30169
3483,36088
3484,38214
3485,60661
3486,60134
3487,89342
3488,33090
3489,31510
3490,14630
3491,1089
3492,80256
3493,24491
3494,61169
3495,93015
3496,30088
3497,63430
3498,6103
3499,44071
3500,62252
3501,33030
3502,33352
3503,1332
3504,55352
3505,80576
3506,14672
3507,63040
3508,1333
3509,37193
3510,35226
3511,16083
3512,59646
3513,56133
3514,45242
3515,71284
3516,41103
3517,14221
3518,1258
3519,78624
3520,82187
3521,37210
3522,69285
3523,15162
3524,34082
3525,38170
3526,55517
3527,44027
3528,59288
3529,31374
3530,8427
3531,27693
3532,14621
3533,97225
3534,89333
3535,68043
3536,49222
3537,84131
3538,202220
3539,29106
3540,70176
3541,3279
3542,70329
3543,91292
3544,62524
3545,45097
3546,78361
3547,10033
3548,34227
3549,95024
3550,61461
3551,46273
3552,34308
3553,74082
3554,11032
3555,2318
3556,16068
3557,68376
3558,83072
3559,33437
3560,14406
3561,60338
3562,51381
3563,61205
3564,33219
3565,8402
3566,2076
3567,72007
3568,63063
3569,71481
3570,63004
3571,70120
3572,37250
3573,50256
3574,60652
3575,44098
3576,34197
3577,84144
3578,85178
3579,31345
3580,61426
3581,31232
3582,59120
3583,98804
3584,60579
3585,98808
3586,33100
3587,42189
3588,72023
3589,71035
3590,24372
3591,49220
3592,77050
3593,74195
3594,34079
3595,12120
3596,42056
3597,88531
3598,3023
3599,67267
3600,56158
3601,78372
3602,39470
3603,51149
3604,15236
3605,11266
3606,47223
3607,59597
3608,62905
3609,46063
3610,12125
3611,60238
3612,28023
3613,76446
3614,80215
3615,39478
3616,2722
3617,68331
3618,61497
3619,17228
3620,89189
3621,17127
3622,201139
3623,85282
3624,33229
3625,72041
3626,77394
3627,73164
3628,46021
3629,59352
3630,31568
3631,35006
3632,89236
3633,52548
3634,33382
3635,84016
3636,89025
3637,31448
3638,34074
3639,88126
3640,11076
3641,63300
3642,80274
3643,87051
3644,16003
3645,22061
3646,22306
3647,64153
3648,91654
3649,72135
3650,95061
3651,91617
3652,36225
3653,12198
3654,45279
3655,64067
3656,38412
3657,30221
3658,37050
3659,67235
3660,51055
3661,54369
3662,6031
3663,59015
3664,38052
3665,74103
3666,77183
3667,26124
3668,37281
3669,52386
3670,27680
3671,69094
3672,87114
3673,3180
3674,21519
3675,52461
3676,43265
3677,25228
3678,66189
3679,88371
3680,67544
3681,61429
3682,58187
3683,4245
3684,38563
3685,88026
3686,11041
3687,46201
3688,44143
3689,28322
3690,77055
3691,77085
3692,38335
3693,30344
3694,62349
3695,11288
3696,4164
3697,82112
3698,49160
3699,63306
3700,50186
3701,42186
3702,76660
3703,68309
3704,21009
3705,80684
3706,54459
3707,77307
3708,95218
3709,45113
3710,83028
3711,97616
3712,83091
3713,50236
3714,98825
3715,12084
3716,30279
3717,77339
3718,68269
3719,31036
3720,45298
3721,80001
3722,74026
3723,42085
3724,10048
3725,4209
3726,31315
3727,9181
3728,18230
3729,97220
3730,59286
3731,13002
3732,9221
3733,40209
3734,54305
3735,63448
3736,10297
3737,49055
3738,16173
3739,25413
3740,79267
3741,78015
3742,33424
3743,29294
3744,49378
3745,88445
3746,52332
3747,14516
3748,49155
3749,67330
3750,14643
3751,38535
3752,17323
3753,31382
3754,29093
3755,14254
3756,17274
3757,33227
3758,45254
3759,10325
3760,13018
3761,50604
3762,68156
3763,53083
3764,69175
3765,35120
3766,69162
3767,81099
3768,85142
3769,15151
3770,39104
3771,56184
3772,74150
3773,77291
3774,64400
3775,22282
3776,4143
3777,45075
3778,60225
3779,28359
3780,21298
3781,25015
3782,33240
3783,25156
3784,77337
3785,97306
3786,13007
3787,54382
3788,14764
3789,61294
3790,51056
3791,78586
3792,5179
3793,69080
3794,41262
3795,21606
3796,25307
3797,76507
3798,14100
3799,95370
3800,17322
3801,28052
3802,28357
3803,69003
3804,84103
3805,81014
3806,78165
3807,7290
3808,71580
3809,59044
3810,3102
3811,8142
3812,69102
3813,65252
3814,52235
3815,55579
3816,67033
3817,27474
3818,14345
3819,81266
3820,6094
3821,50589
3822,91573
3823,67340
3824,59543
3825,45210
3826,40026
3827,32118
3828,83067
3829,88196
3830,61342
3831,41218
3832,69228
3833,69074
3834,59478
3835,59541
3836,77175
3837,12119
3838,58170
3839,27091
3840,26125
3841,12217
3842,13114
3843,67101
3844,14663
3845,16120
3846,59252
3847,68349
3848,24067
3849,51432
3850,29058
3851,56233
3852,31033
3853,41136
3854,72022
3855,7181
3856,67477
3857,59426
3858,62382
3859,17093
3860,36022
3861,202140
3862,2831
3863,88462
3864,44204
3865,59626
3866,37074
3867,42032
3868,98758
3869,26339
3870,34333
3871,62196
3872,59603
3873,64320
3874,72118
3875,59482
3876,77123
3877,77327
3878,38517
3879,19127
3880,57260
3881,71311
3882,44173
3883,97106
3884,14401
3885,88104
3886,80530
3887,33333
3888,25627
3889,12242
3890,202207
3891,57733
3892,13033
3893,33517
3894,88012
3895,38269
3896,35139
3897,69280
3898,61256
3899,27528
3900,76552
3901,1075
3902,60494
3903,84034
3904,79246
3905,34299
3906,9289
3907,29042
3908,7028
3909,17197
3910,27022
3911,71105
3912,40321
3913,34139
3914,65340
3915,37172
3916,73051
3917,28073
3918,41086
3919,63307
3920,59258
3921,38358
3922,52125
3923,62364
3924,49373
3925,41267
3926,38350
3927,63047
3928,5038
3929,35002
3930,3126
3931,38553
3932,66141
3933,16016
3934,1083
3935,7282
3936,66145
3937,42262
3938,22188
3939,98810
3940,60370
3941,72183
3942,21154
3943,64448
3944,59153
3945,58087
3946,2658
3947,25309
3948,85261
3949,49050
3950,33253
3951,66065
3952,73241
3953,51389
3954,60570
3955,28199
3956,10086
3957,10159
3958,31186
3959,1069
3960,27209
3961,18133
3962,12289
3963,33125
3964,79322
3965,10313
3966,34205
3967,29103
3968,68037
3969,53160
3970,29025
3971,24322
3972,67365
3973,85097
3974,71345
3975,59431
3976,46148
3977,60518
3978,4195
3979,202298
3980,19203
3981,28226
3982,15025
3983,69122
3984,67226
3985,59524
3986,38157
3987,83082
3988,79329
3989,33254
3990,39035
3991,50099
3992,79311
3993,87180
3994,80136
3995,74186
3996,7121
3997,88108
3998,77534
3999,63180
4000,53146
4001,44064
4002,89279
4003,60076
4004,19002
4005,98725
4006,59236
4007,42271
4008,69007
4009,98748
4010,24140
4011,87019
4012,14167
4013,54194
4014,36196
4015,25071
4016,74076
4017,52058
4018,54294
4019,76144
4020,34096
4021,18025
4022,45196
4023,62647
4024,32160
4025,5123
4026,44188
4027,13089
4028,41145
4029,1306
4030,26057
4031,25091
4032,30122
4033,97228
4034,59557
4035,68068
4036,43205
4037,77479
4038,59507
4039,31541
4040,48154
4041,65017
4042,25540
4043,76260
4044,53132
4045,80615
4046,60317
4047,74083
4048,67471
4049,59091
4050,73303
4051,25367
4052,34164
4053,34042
4054,25058
4055,56186
4056,46102
4057,26138
4058,91272
4059,83008
4060,81045
4061,10063
4062,54038
4063,60170
4064,98715
4065,57764
4066,40268
4067,22302
4068,62390
4069,28211
4070,79061
4071,82126
4072,71133
4073,45187
4074,78005
4075,38072
4076,61044
4077,12032
4078,37027
4079,31032
4080,84102
4081,30235
4082,88408
4083,74001
4084,202303
4085,97112
4086,56078
4087,76442
4088,69093
4089,14575
4090,10341
4091,11081
4092,76183
4093,21261
4094,4077
4095,77137
4096,21476
4097,89252
4098,71469
4099,62861
4100,32172
4101,91338
4102,67478
4103,55242
4104,89345
4105,40259
4106,17019
4107,89473
4108,71261
4109,14412
4110,80698
4111,17397
4112,9318
4113,87203
4114,59574
4115,12259
4116,3187
4117,24449
4118,56074
4119,80350
4120,29018
4121,10035
4122,85114
4123,78192
4124,50352
4125,70147
4126,42103
4127,95169
4128,42153
4129,74140
4130,51046
4131,35066
4132,42289
4133,6102
4134,30102
4135,29057
4136,14366
4137,10268
4138,74211
4139,34058
4140,48146
4141,21317
4142,21358
4143,69032
4144,78068
4145,58276
4146,2290
4147,53053
4148,60272
4149,66176
4150,68171
4151,40283
4152,59339
4153,17082
4154,1368
4155,60567
4156,25304
4157,38126
4158,17041
4159,14057
4160,14061
4161,78571
4162,85247
4163,34213
4164,69139
4165,35081
4166,3018
4167,83084
4168,18013
4169,97229
4170,27070
4171,83049
4172,2071
4173,27476
4174,12270
4175,6109
4176,38422
4177,27228
4178,24115
4179,41032
4180,74009
4181,11192
4182,14055
4183,35163
4184,38394
4185,70299
4186,62160
4187,52307
4188,21584
4189,18197
4190,57550
4191,63272
4192,16001
4193,80726
4194,19250
4195,21315
4196,97404
4197,80164
4198,34135
4199,63055
4200,33015
4201,2483
4202,73213
4203,37211
4204,34300
4205,39479
4206,31486
4207,41002
4208,47269
4209,32344
4210,57370
4211,61167
4212,4004
4213,31409
4214,49266
4215,86081
4216,7291
4217,31278
4218,71395
4219,50048
4220,22112
4221,56240
4222,14737
4223,60157
4224,77347
4225,44186
4226,88294
4227,31361
4228,30071
4229,42123
4230,38108
4231,57695
4232,22313
4233,5027
4234,60556
4235,91345
4236,37276
4237,42006
4238,85012
4239,39233
4240,6159
4241,11132
4242,1405
4243,4176
4244,1263
4245,85047
4246,64247
4247,47215
4248,4206
4249,64066
4250,42122
4251,35125
4252,41252
4253,7070
4254,57706
4255,25186
4256,60138
4257,53137
4258,62274
4259,49086
4260,83112
4261,50510
4262,37077
4263,57620
4264,29209
4265,63163
4266,87042
4267,25103
4268,61284
4269,4042
4270,72346
4271,42088
4272,4192
4273,76312
4274,202043
4275,82037
4276,22025
4277,62852
4278,47065
4279,50446
4280,10444
4281,58176
4282,38485
4283,62102
4284,55567
4285,23082
4286,63010
4287,30086
4288,81277
4289,35201
4290,67397
4291,62073
4292,2748
4293,3011
4294,77384
4295,24485
4296,21481
4297,35161
4298,62826
4299,95058
4300,18207
4301,35333
4302,69268
4303,7142
4304,91547
4305,69184
4306,50453
4307,82189
4308,56226
4309,30101
4310,33230
4311,87033
4312,18205
4313,27252
4314,59558
4315,30299
4316,54238
4317,63326
4318,19286
4319,63143
4320,201085
4321,61222
4322,49308
4323,10299
4324,88209
4325,78172
4326,86145
4327,50461
4328,12030
4329,71220
4330,53152
4331,202286
4332,21378
4333,31253
4334,38175
4335,81050
4336,37123
4337,50029
4338,74239
4339,17333
4340,95641
4341,11129
4342,71102
4343,64021
4344,36165
4345,202342
4346,63141
4347,22161
4348,37110
4349,202199
4350,68012
4351,51105
4352,41149
4353,69288
4354,41194
4355,50556
4356,58083
4357,67336
4358,80668
4359,90093
4360,202205
4361,77350
4362,89304
4363,1014
4364,74218
4365,5072
4366,58124
4367,35155
4368,97111
4369,30182
4370,61327
4371,27017
4372,88203
4373,8336
4374,51555
4375,64422
4376,41276
4377,56024
4378,32155
4379,44052
4380,54258
4381,27103
4382,51305
4383,85073
4384,43251
4385,60107
4386,44114
4387,60010
4388,72028
4389,14547
4390,82168
4391,88181
4392,201040
4393,81175
4394,12153
4395,77458
4396,28161
4397,29279
4398,61006
4399,58021
4400,14579
4401,67167
4402,5118
4403,37109
4404,68006
4405,74234
4406,12213
4407,60414
4408,76283
4409,95253
4410,38223
4411,54498
4412,47034
4413,76295
4414,34045
4415,43189
4416,50023
4417,68118
4418,34027
4419,44068
4420,83140
4421,84004
4422,80379
4423,11304
4424,76254
4425,67506
4426,80373
4427,33036
4428,32305
4429,3290
4430,31484
4431,7153
4432,13050
4433,4158
4434,16073
4435,2232
4436,11353
4437,14238
4438,60342
4439,57433
4440,28054
4441,12171
4442,10359
4443,36052
4444,35245
4445,32208
4446,5009
4447,35290
4448,29199
4449,81273
4450,29020
4451,29116
4452,10017
4453,22131
4454,78233
4455,13027
4456,65235
4457,201090
4458,70388
4459,29179
4460,56251
4461,66041
4462,88141
4463,60299
4464,56166
4465,19006
4466,39428
4467,202079
4468,1036
4469,60172
4470,12288
4471,80452
4472,69052
4473,38019
4474,38095
4475,52494
4476,68185
4477,51545
4478,16337
4479,57630
4480,77148
4481,2820
4482,7132
4483,7017
4484,14150
4485,74307
4486,59580
4487,90070
4488,24171
4489,73034
4490,84038
4491,44048
4492,49035
4493,8190
4494,34272
4495,35259
4496,49082
4497,49345
4498,14384
4499,57663
4500,17298
4501,4034
4502,59537
4503,27391
4504,3204
4505,14286
4506,81288
4507,17365
4508,3184
4509,202188
4510,30286
4511,64450
4512,50402
4513,80220
4514,35047
4515,27612
4516,85301
4517,11429
4518,69250
4519,22004
4520,47073
4521,17316
4522,3219
4523,39448
4524,27312
4525,80026
4526,34129
4527,33320
4528,16002
4529,22178
4530,89068
4531,97608
4532,26129
4533,39572
4534,38538
4535,56180
4536,71003
4537,57168
4538,32242
4539,33118
4540,42162
4541,202346
4542,17299
4543,44023
4544,44102
4545,47216
4546,11322
4547,59400
4548,60382
4549,53219
4550,82190
4551,67445
4552,55519
4553,52102
4554,33238
4555,51532
4556,86042
4557,53002
4558,50403
4559,30226
4560,21296
4561,89055
4562,30356
4563,70117
4564,16150
4565,89438
4566,2309
4567,44043
4568,64324
4569,17354
4570,62817
4571,71550
4572,39520
4573,16078
4574,58120
4575,34052
4576,9247
4577,39439
4578,57629
4579,14333
4580,30276
4581,30295
4582,84009
4583,37062
4584,71230
4585,15211
4586,15119
4587,90099
4588,77494
4589,30305
4590,37099
4591,82050
4592,54010
4593,84043
4594,38078
4595,86045
4596,60446
4597,33208
4598,95203
4599,13109
4600,47110
4601,69078
4602,19113
4603,24259
4604,73082
4605,57197
4606,51546
4607,55543
4608,45182
4609,15215
4610,23177
4611,80070
4612,30315
4613,84003
4614,44209
4615,66017
4616,38237
4617,32409
4618,44212
4619,10193
4620,56125
4621,35223
4622,89364
4623,95205
4624,35131
4625,72095
4626,3001
4627,48155
4628,85130
4629,71137
4630,58040
4631,4022
4632,68325
4633,54306
4634,4171
4635,82167
4636,6110
4637,72330
4638,24053
4639,60531
4640,76151
4641,41140
4642,95054
4643,47104
4644,59618
4645,40279
4646,80250
4647,26365
4648,57343
4649,54408
4650,86100
4651,76328
4652,76216
4653,3168
4654,57666
4655,67131
4656,62893
4657,31587
4658,80655
4659,59515
4660,62049
4661,51573
4662,24261
4663,24553
4664,36122
4665,10022
4666,30036
4667,14762
4668,91315
4669,2103
4670,62549
4671,21292
4672,36068
4673,64230
4674,85021
4675,31592
4676,10060
4677,51232
4678,86112
4679,76533
4680,62255
4681,1115
4682,16045
4683,28015
4684,83051
4685,14068
4686,62637
4687,14044
4688,44056
4689,35203
4690,65101
4691,40261
4692,30334
4693,57239
4694,10094
4695,35176
4696,42145
4697,61005
4698,46225
4699,14225
4700,54339
4701,34088
4702,50420
4703,59263
4704,77181
4705,81215
4706,71528
4707,54222
4708,81145
4709,11024
4710,1389
4711,28335
4712,11257
4713,1297
4714,89085
4715,81120
4716,55167
4717,11195
4718,61508
4719,26250
4720,3289
4721,77487
4722,71047
4723,44202
4724,31451
4725,38529
4726,39397
4727,68182
4728,67464
4729,32224
4730,34142
4731,73031
4732,31390
4733,21349
4734,81271
4735,28104
4736,9223
4737,76164
4738,71591
4739,42020
4740,7110
4741,27056
4742,40181
4743,30019
4744,57019
4745,54357
4746,71475
4747,80432
4748,55463
4749,67137
4750,67300
4751,36189
4752,68098
4753,46089
4754,29220
4755,3099
4756,25139
4757,10153
4758,53147
4759,21024
4760,8220
4761,43124
4762,72112
4763,28173
4764,59284
4765,65025
4766,22135
4767,1134
4768,24138
4769,25040
4770,38537
4771,35064
4772,14760
4773,82156
4774,77326
4775,42157
4776,12301
4777,40266
4778,17340
4779,202246
4780,24040
4781,85026
4782,95678
4783,44038
4784,44006
4785,77132
4786,30317
4787,61479
4788,21540
4789,85289
4790,97221
4791,80585
4792,92075
4793,68139
4794,38130
4795,83087
4796,1085
4797,95042
4798,79095
4799,5056
4800,33322
4801,1068
4802,94070
4803,81133
4804,68095
4805,74282
4806,22183
4807,42279
4808,24442
4809,44127
4810,64279
4811,78497
4812,2399
4813,70567
4814,85264
4815,57226
4816,40133
4817,71135
4818,38069
4819,76315
4820,82148
4821,66226
4822,50370
4823,62894
4824,97312
4825,38134
4826,95487
4827,38474
4828,31499
4829,61309
4830,72321
4831,5139
4832,50082
4833,80443
4834,27311
4835,19137
4836,78349
4837,3165
4838,18033
4839,30105
4840,11438
4841,42231
4842,67023
4843,95535
4844,35070
4845,16199
4846,91666
4847,81048
4848,41113
4849,49063
4850,55557
4851,21673
4852,11151
4853,48080
4854,19019
4855,22248
4856,89460
4857,14303
4858,202009
4859,24540
4860,23065
4861,62038
4862,59456
4863,14172
4864,14574
4865,27434
4866,56190
4867,62250
4868,58035
4869,2386
4870,50044
4871,22225
4872,34077
4873,5127
4874,31490
4875,11115
4876,3030
4877,34169
4878,3298
4879,62731
4880,82085
4881,19147
4882,76580
4883,28029
4884,42147
4885,97421
4886,11235
4887,9246
4888,62092
4889,22260
4890,6059
4891,84029
4892,56118
4893,89376
4894,52119
4895,71015
4896,33343
4897,63302
4898,45092
4899,34336
4900,46316
4901,76486
4902,13030
4903,37111
4904,41059
4905,4155
4906,85232
4907,14005
4908,60297
4909,95088
4910,42246
4911,95170
4912,74177
4913,71282
4914,48176
4915,23114
4916,27299
4917,53175
4918,23258
4919,63368
4920,47069
4921,82149
4922,54025
4923,52523
4924,64371
4925,28279
4926,66137
4927,5170
4928,49223
4929,6151
4930,11144
4931,1151
4932,67031
4933,33005
4934,21390
4935,88447
4936,25334
4937,10132
4938,15038
4939,33102
4940,53042
4941,45252
4942,9057
4943,4094
4944,68367
4945,48039
4946,35321
4947,35167
4948,18055
4949,38425
4950,73330
4951,40065
4952,14609
4953,58303
4954,79290
4955,4152
4956,80043
4957,98611
4958,38017
4959,59331
4960,69269
4961,1384
4962,33284
4963,1294
4964,1082
4965,83153
4966,69214
4967,69097
4968,61232
4969,57408
4970,79341
4971,2294
4972,10209
4973,64396
4974,21545
4975,71117
4976,86041
4977,85220
4978,30284
4979,202257
4980,36127
4981,29038
4982,14318
4983,27138
4984,76458
4985,21214
4986,62132
4987,70026
4988,69208
4989,77506
4990,56252
4991,44185
4992,38181
4993,33097
4994,47106
4995,80207
4996,87201
4997,59052
4998,7058
4999,66192
5000,53116
5001,59486
5002,17226
5003,61182
5004,13049
5005,98823
5006,40305
5007,38114
5008,58095
5009,35304
5010,49362
5011,88250
5012,5040
5013,28185
5014,40274
5015,22198
5016,40131
5017,63276
5018,39043
5019,77390
5020,68032
5021,17482
5022,202143
5023,91001
5024,44224
5025,72350
5026,78147
5027,60236
5028,71445
5029,72320
5030,21363
5031,51439
5032,68155
5033,76349
5034,83043
5035,46240
5036,59634
5037,8110
5038,202150
5039,30203
5040,31048
5041,86276
5042,56079
5043,91109
5044,38318
5045,33342
5046,71202
5047,41073
5048,1049
5049,42026
5050,27118
5051,31020
5052,11301
5053,63424
5054,7231
5055,61203
5056,56193
5057,29060
5058,71439
5059,3119
5060,38205
5061,1231
5062,88481
5063,35275
5064,44096
5065,27037
5066,68200
5067,42059
5068,25342
5069,71336
5070,45333
5071,72008
5072,34123
5073,17086
5074,58004
5075,2321
5076,30121
5077,76060
5078,47014
5079,69070
5080,73091
5081,45135
5082,16028
5083,30034
5084,11119
5085,59268
5086,24370
5087,31584
5088,6128
5089,32045
5090,29069
5091,39245
5092,19274
5093,42312
5094,33373
5095,85152
5096,3286
5097,65113
5098,54435
5099,22093
5100,61097
5101,34051
5102,38504
5103,29260
5104,26338
5105,45018
5106,57344
5107,97602
5108,51649
5109,43114
5110,2574
5111,81222
5112,86237
5113,27334
5114,48137
5115,63072
5116,33504
5117,65408
5118,72248
5119,27340
5120,38398
5121,76497
5122,12056
5123,57155
5124,26305
5125,33056
5126,18075
5127,38457
5128,97603
5129,30167
5130,59509
5131,50391
5132,3201
5133,78522
5134,79307
5135,98744
5136,29274
5137,38150
5138,64437
5139,83026
5140,50535
5141,26085
5142,31561
5143,42092
5144,84088
5145,60699
5146,1093
5147,67204
5148,82134
5149,35056
5150,34329
5151,67379
5152,62563
5153,21340
5154,71283
5155,63255
5156,80213
5157,23137
5158,89339
5159,44178
5160,50164
5161,54196
5162,88322
5163,2064
5164,56145
5165,34095
5166,22384
5167,36093
5168,30114
5169,50032
5170,89077
5171,6064
5172,77270
5173,16012
5174,59250
5175,41190
5176,69189
5177,12138
5178,50348
5179,28208
5180,53190
5181,86070
5182,73171
5183,37030
5184,201092
5185,85083
5186,16200
5187,59190
5188,33098
5189,10426
5190,59527
5191,54162
5192,24543
5193,29068
5194,63124
5195,40100
5196,38133
5197,40083
5198,18127
5199,32413
5200,76408
5201,4084
5202,53155
5203,35241
5204,41110
5205,59058
5206,45073
5207,18164
5208,19141
5209,69050
5210,62881
5211,73150
5212,59359
5213,30254
5214,67107
5215,61474
5216,35228
5217,62279
5218,87060
5219,28395
5220,60346
5221,5172
5222,95637
5223,12082
5224,98802
5225,89286
5226,69260
5227,16291
5228,63245
5229,58215
5230,85222
5231,65125
5232,59526
5233,33165
5234,47027
5235,38519
5236,74058
5237,91587
5238,44195
5239,84137
5240,18265
5241,79079
5242,31264
5243,12305
5244,59432
5245,24366
5246,1160
5247,77153
5248,15049
5249,74005
5250,63443
5251,67130
5252,74221
5253,60421
5254,27062
5255,55025
5256,89469
5257,44070
5258,3156
5259,89152
5260,59540
5261,44066
5262,86183
5263,60139
5264,83054
5265,54594
5266,25318
5267,53122
5268,69072
5269,21505
5270,16242
5271,14566
5272,2521
5273,50025
5274,35352
5275,33394
5276,28061
5277,72191
5278,11206
5279,56003
5280,73116
5281,59143
5282,63426
5283,89419
5284,21638
5285,40317
5286,44131
5287,66144
5288,51113
5289,67361
5290,2010
5291,95039
5292,84083
5293,83108
5294,11225
5295,34166
5296,12263
5297,56177
5298,38480
5299,85059
5300,71318
5301,1444
5302,19192
5303,51316
5304,73119
5305,57024
5306,10318
5307,69018
5308,7261
5309,62487
5310,67383
5311,31080
5312,91330
5313,48126
5314,80574
5315,57361
5316,21173
5317,49307
5318,46317
5319,38348
5320,27611
5321,88289
5322,88496
5323,62693
5324,69043
5325,8039
5326,17362
5327,42003
5328,79265
5329,84017
5330,12253
5331,61008
5332,76245
5333,6084
5334,54476
5335,86061
5336,67234
5337,66093
5338,25325
5339,33108
5340,1236
5341,48061
5342,88424
5343,7319
5344,82089
5345,76165
5346,38534
5347,68146
5348,60054
5349,30354
5350,38199
5351,50214
5352,77378
5353,4005
5354,56221
5355,25147
5356,76166
5357,57412
5358,60355
5359,202093
5360,40206
5361,60130
5362,19252
5363,33447
5364,28391
5365,78591
5366,69281
5367,94047
5368,77303
5369,34212
5370,9177
5371,28033
5372,49381
5373,42161
5374,69254
5375,72230
5376,38387
5377,60241
5378,74002
5379,31022
5380,38059
5381,33555
5382,62207
5383,35059
5384,59447
5385,14278
5386,44033
5387,12049
5388,77002
5389,202059
5390,18129
5391,201288
5392,85076
5393,24019
5394,7129
5395,60701
5396,66213
5397,65331
5398,57058
5399,43043
5400,32301
5401,86083
5402,28172
5403,62065
5404,62361
5405,79088
5406,37162
5407,57552
5408,27077
5409,25133
5410,46172
5411,9066
5412,51657
5413,18049
5414,49374
5415,32064
5416,36016
5417,39387
5418,24229
5419,38003
5420,33551
5421,63338
5422,8185
5423,77233
5424,56172
5425,81139
5426,80163
5427,42108
5428,55255
5429,71025
5430,64064
5431,39295
5432,66106
5433,72168
5434,47251
5435,34068
5436,38128
5437,60158
5438,7007
5439,24064
5440,64268
5441,53077
5442,57616
5443,33207
5444,12185
5445,16090
5446,60539
5447,46336
5448,80009
5449,62051
5450,76535
5451,26243
5452,55024
5453,77464
5454,76258
5455,202350
5456,80620
5457,71512
5458,33438
5459,80736
5460,78601
5461,21425
5462,72137
5463,9268
5464,81317
5465,47079
5466,40316
5467,77476
5468,44172
5469,4102
5470,27679
5471,52042
5472,76581
5473,34341
5474,83120
5475,37194
5476,76529
5477,77211
5478,57119
5479,69296
5480,33261
5481,64405
5482,50260
5483,15055
5484,49069
5485,72143
5486,60622
5487,59601
5488,49002
5489,51562
5490,22251
5491,34193
5492,57437
5493,33291
5494,41139
5495,30146
5496,87116
5497,86272
5498,61279
5499,38453
5500,63446
5501,71209
5502,7245
5503,76263
5504,91132
5505,2800
5506,74243
5507,29105
5508,52369
5509,28154
5510,24223
5511,30092
5512,6090
5513,7160
5514,62520
5515,11203
5516,17317
5517,202029
5518,14342
5519,25237
5520,77235
5521,15084
5522,54217
5523,31433
5524,21127
5525,27490
5526,9185
5527,25580
5528,21405
5529,28232
5530,10380
5531,1262
5532,32033
5533,12053
5534,45039
5535,67205
5536,30156
5537,63162
5538,77142
5539,10220
5540,39399
5541,69192
5542,27258
5543,33498
5544,57038
5545,2571
5546,31311
5547,1038
5548,35069
5549,19123
5550,4230
5551,41198
5552,35184
5553,29041
5554,56017
5555,5023
5556,26040
5557,26308
5558,31351
5559,72096
5560,85224
5561,77114
5562,38403
5563,32426
5564,34214
5565,33059
5566,67411
5567,1299
5568,2709
5569,76618
5570,62503
5571,22353
5572,3262
5573,7134
5574,12248
5575,52392
5576,26327
5577,27359
5578,51434
5579,30032
5580,52269
5581,34225
5582,14605
5583,21356
5584,67310
5585,72213
5586,78443
5587,60684
5588,50619
5589,21320
5590,2191
5591,65460
5592,24535
5593,33406
5594,44163
5595,51281
5596,60019
5597,9329
5598,43230
5599,28347
5600,77239
5601,39326
5602,13084
5603,68297
5604,28405
5605,60505
5606,95392
5607,73032
5608,76105
5609,40310
5610,42265
5611,42249
5612,74185
5613,87003
5614,17118
5615,69040
5616,89238
5617,47238
5618,68250
5619,13097
5620,56257
5621,63418
5622,30202
5623,7023
5624,63080
5625,89351
5626,62443
5627,70279
5628,52250
5629,48178
5630,49021
5631,45300
5632,2671
5633,79259
5634,97104
5635,11367
5636,27206
5637,77471
5638,12001
5639,62617
5640,50426
5641,43040
5642,14069
5643,26017
5644,55166
5645,23095
5646,2216
5647,41282
5648,18140
5649,17010
5650,47031
5651,17155
5652,27389
5653,28293
5654,86286
5655,30139
5656,47117
5657,38310
5658,202172
5659,11390
5660,76344
5661,14530
5662,24160
5663,45272
5664,14505
5665,69279
5666,63265
5667,45020
5668,63264
5669,37163
5670,54150
5671,34118
5672,29214
5673,27331
5674,7050
5675,44046
5676,38492
5677,63270
5678,71221
5679,64412
5680,38163
5681,73235
5682,33355
5683,35224
5684,41178
5685,76069
5686,67155
5687,25047
5688,71187
5689,74280
5690,85005
5691,39336
5692,30209
5693,33023
5694,19105
5695,50567
5696,28298
5697,64472
5698,44187
5699,84133
5700,97214
5701,46012
5702,40075
5703,5017
5704,70018
5705,90033
5706,35218
5707,77165
5708,58110
5709,79321
5710,28070
5711,88306
5712,12232
5713,10300
5714,79189
5715,44206
5716,51493
5717,84148
5718,65147
5719,18083
5720,40304
5721,76208
5722,30029
5723,63224
5724,28289
5725,48128
5726,12037
5727,43010
5728,72351
5729,59053
5730,7249
5731,78528
5732,72024
5733,80212
5734,71256
5735,85226
5736,38189
5737,58126
5738,76077
5739,40119
5740,69033
5741,40201
5742,13006
5743,49097
5744,77242
5745,45222
5746,39367
5747,6002
5748,29043
5749,46126
5750,55258
5751,61214
5752,68174
5753,85209
5754,1272
5755,15120
5756,76279
5757,95379
5758,16015
5759,28425
5760,81079
5761,47162
5762,21546
5763,62580
5764,201024
5765,38378
5766,27198
5767,29150
5768,76293
5769,33164
5770,77379
5771,63334
5772,85017
5773,70317
5774,1202
5775,25212
5776,35208
5777,58213
5778,14679
5779,71382
5780,9235
5781,45124
5782,24352
5783,71482
5784,16349
5785,30175
5786,88073
5787,8206
5788,77522
5789,74233
5790,62712
5791,57683
5792,79347
5793,50199
5794,88497
5795,71195
5796,31035
5797,22067
5798,14514
5799,50568
5800,76019
5801,58079
5802,40192
5803,87110
5804,11158
5805,88463
5806,16393
5807,76474
5808,49041
5809,26140
5810,98819
5811,29102
5812,46204
5813,62787
5814,43025
5815,45259
5816,10224
5817,81283
5818,83007
5819,73085
5820,78193
5821,54528
5822,68042
5823,7276
5824,66108
5825,50410
5826,11061
5827,17044
5828,17131
5829,1092
5830,98815
5831,17472
5832,68195
5833,13072
5834,80486
5835,63370
5836,65473
5837,80738
5838,71330
5839,42209
5840,85020
5841,22339
5842,7337
5843,21244
5844,74081
5845,22128
5846,5045
5847,42294
5848,76212
5849,62230
5850,5036
5851,95219
5852,27248
5853,89074
5854,33029
5855,30294
5856,72080
5857,18155
5858,2140
5859,12148
5860,56243
5861,201269
5862,76657
5863,66172
5864,37213
5865,35334
5866,21485
5867,3110
5868,2461
5869,85082
5870,59487
5871,72065
5872,21421
5873,86190
5874,22127
5875,1378
5876,57647
5877,52331
5878,97115
5879,23032
5880,11305
5881,68342
5882,6075
5883,1279
5884,33327
5885,59423
5886,47246
5887,87129
5888,81235
5889,57336
5890,2258
5891,40226
5892,2452
5893,38423
5894,201211
5895,21027
5896,77193
5897,80647
5898,1200
5899,88028
5900,61091
5901,57431
5902,95151
5903,25634
5904,18159
5905,53139
5906,85096
5907,32038
5908,76675
5909,54102
5910,59670
5911,19085
5912,87152
5913,73013
5914,65413
5915,83023
5916,29201
5917,57418
5918,12136
5919,201065
5920,14399
5921,28057
5922,80002
5923,57041
5924,49331
5925,88167
5926,44161
5927,62902
5928,77171
5929,202101
5930,30347
5931,70245
5932,72176
5933,77103
5934,37232
5935,95462
5936,85280
5937,54316
5938,27572
5939,62474
5940,72294
5941,66160
5942,3277
5943,55438
5944,60541
5945,97226
5946,22172
5947,32147
5948,43022
5949,85006
5950,67160
5951,42234
5952,74019
5953,49135
5954,24264
5955,22259
5956,58224
5957,18244
5958,57368
5959,28127
5960,97424
5961,5016
5962,18241
5963,54302
5964,61095
5965,95323
5966,76401
5967,17406
5968,19009
5969,1362
5970,52366
5971,50345
5972,85051
5973,42211
5974,34063
5975,69136
5976,89397
5977,1454
5978,22343
5979,60439
5980,1116
5981,70455
5982,35004
5983,56214
5984,18084
5985,64250
5986,51080
5987,83027
5988,58206
5989,11398
5990,43190
5991,80799
5992,63125
5993,59356
5994,83127
5995,77109
5996,39112
5997,68267
5998,13067
5999,30179
6000,95046
6001,61411
6002,62737
6003,22324
6004,70248
6005,44020
6006,79162
6007,68044
6008,54337
6009,24022
6010,87139
6011,46007
6012,69295
6013,29055
6014,52021
6015,35189
6016,37186
6017,12241
6018,37037
6019,95051
6020,26145
6021,85038
6022,43102
6023,62124
6024,42177
6025,44103
6026,34150
6027,63077
6028,21381
6029,80110
6030,64556
6031,51265
6032,33425
6033,43115
6034,19126
6035,40284
6036,44135
6037,11106
6038,50615
6039,57251
6040,19195
6041,46136
6042,41200
6043,74014
6044,71558
6045,68260
6046,26144
6047,60409
6048,11397
6049,33552
6050,77268
6051,58032
6052,26034
6053,74299
6054,34202
6055,34245
6056,89240
6057,67233
6058,80033
6059,38345
6060,19187
6061,202289
6062,77222
6063,43126
6064,68145
6065,70111
6066,26106
6067,25240
6068,4045
6069,67324
6070,38247
6071,78062
6072,35015
6073,30047
6074,87133
6075,1057
6076,22299
6077,84141
6078,43016
6079,33362
6080,49020
6081,77318
6082,38287
6083,56013
6084,64274
6085,45311
6086,38383
6087,29062
6088,44174
6089,53202
6090,69294
6091,51559
6092,14119
6093,38067
6094,14269
6095,85123
6096,85092
6097,17038
6098,68295
6099,38373
6100,61466
6101,16366
6102,51070
6103,17236
6104,88524
6105,76682
6106,31247
6107,30123
6108,76020
6109,49003
6110,30330
6111,80826
6112,83038
6113,60065
6114,37093
6115,95660
6116,7010
6117,59464
6118,3029
6119,76436
6120,21534
6121,69044
6122,6068
6123,59215
6124,17253
6125,68166
6126,30002
6127,70413
6128,34238
6129,50320
6130,87038
6131,56031
6132,88115
6133,37179
6134,43078
6135,38044
6136,7116
6137,14623
6138,46219
6139,29269
6140,73181
6141,11355
6142,62060
6143,2758
6144,28214
6145,95509
6146,84064
6147,80180
6148,61484
6149,34192
6150,22311
6151,80264
6152,74310
6153,14125
6154,18267
6155,2213
6156,77359
6157,85034
6158,81142
6159,89452
6160,22265
6161,71373
6162,30217
6163,65401
6164,45083
6165,54200
6166,59357
6167,49128
6168,28388
6169,60003
6170,24551
6171,3258
6172,85070
6173,84067
6174,51171
6175,19066
6176,12174
6177,60513
6178,15122
6179,28324
6180,57095
6181,84119
6182,56157
6183,60568
6184,89093
6185,15235
6186,57468
6187,77229
6188,61207
6189,59262
6190,27005
6191,65335
6192,49261
6193,49326
6194,83058
6195,46085
6196,80315
6197,77355
6198,27568
6199,17351
6200,14194
6201,68348
6202,59068
6203,53271
6204,201130
6205,29032
6206,202152
6207,10191
6208,91198
6209,42270
6210,76410
6211,42318
6212,35046
6213,80533
6214,80313
6215,85135
6216,49294
6217,40103
6218,37130
6219,43110
6220,202171
6221,7349
6222,98807
6223,67329
6224,67120
6225,85198
6226,46309
6227,35133
6228,57521
6229,31082
6230,24510
6231,11111
6232,31565
6233,90076
6234,27203
6235,67409
6236,202354
6237,60508
6238,38341
6239,85238
6240,77053
6241,2776
6242,88327
6243,39491
6244,58280
6245,26377
6246,62043
6247,6091
6248,33179
6249,42013
6250,40088
6251,87107
6252,57438
6253,19178
6254,72025
6255,10251
6256,14301
6257,65389
6258,85113
6259,73088
6260,29023
6261,33052
6262,6122
6263,4076
6264,58118
6265,63413
6266,89197
6267,2599
6268,95658
6269,80381
6270,78470
6271,38212
6272,80553
6273,57154
6274,86239
6275,2164
6276,30164
6277,66124
6278,86117
6279,17483
6280,21073
6281,18063
6282,46117
6283,62056
6284,2421
6285,31458
6286,10145
6287,76355
6288,30211
6289,25115
6290,77411
6291,18289
6292,23076
6293,82028
6294,63362
6295,62369
6296,56136
6297,2305
6298,33123
6299,33490
6300,17407
6301,44035
6302,43241
6303,27167
6304,82144
6305,26038
6306,22048
6307,10030
6308,24296
6309,28102
6310,74272
6311,43147
6312,40246
6313,61435
6314,12013
6315,60614
6316,28282
6317,90044
6318,73059
6319,8490
6320,201006
6321,62070
6322,41231
6323,3140
6324,17267
6325,15017
6326,62848
6327,86262
6328,58121
6329,60022
6330,61159
6331,3038
6332,28401
6333,67073
6334,44119
6335,5164
6336,18141
6337,2595
6338,59126
6339,68161
6340,68138
6341,62259
6342,34178
6343,38351
6344,54439
6345,38317
6346,73100
6347,26096
6348,78227
6349,19098
6350,41173
6351,63382
6352,38124
6353,36204
6354,23176
6355,9042
6356,24042
6357,64364
6358,59018
6359,39498
6360,38381
6361,61446
6362,53008
6363,21250
6364,25265
6365,10282
6366,19241
6367,57640
6368,51028
6369,43239
6370,49301
6371,45056
6372,88182
6373,21087
6374,29091
6375,68231
6376,35358
6377,77493
6378,38169
6379,42251
6380,1163
6381,77215
6382,21018
6383,78168
6384,71145
6385,65396
6386,78517
6387,82059
6388,77440
6389,17222
6390,34176
6391,65231
6392,72067
6393,10376
6394,68004
6395,23143
6396,59554
6397,17094
6398,50648
6399,54588
6400,59160
6401,72217
6402,95063
6403,46038
6404,77409
6405,27618
6406,2163
6407,38215
6408,81238
6409,33548
6410,39126
6411,1099
6412,38547
6413,60213
6414,14098
6415,42149
6416,73228
6417,38271
6418,52060
6419,80142
6420,59367
6421,38363
6422,73006
6423,37086
6424,38331
6425,19191
6426,38353
6427,72107
6428,59247
6429,17283
6430,83042
6431,4204
6432,44151
6433,73117
6434,1232
6435,85046
6436,81041
6437,8478
6438,11303
6439,74013
6440,67223
6441,61170
6442,29190
6443,62317
6444,26069
6445,201360
6446,46086
6447,69178
6448,91540
6449,34332
6450,57117
6451,62086
6452,50076
6453,60056
6454,28089
6455,73157
6456,30320
6457,52391
6458,76222
6459,10199
6460,57091
6461,33020
6462,8436
6463,62331
6464,37230
6465,78030
6466,31098
6467,64316
6468,17481
6469,10074
6470,35338
6471,52282
6472,57006
6473,59534
6474,33021
6475,41116
6476,81116
6477,78557
6478,8090
6479,9207
6480,41047
6481,44182
6482,7269
6483,90080
6484,28192
6485,41238
6486,54580
6487,14726
6488,65261
6489,62108
6490,17349
6491,30067
6492,44051
6493,80467
6494,77296
6495,50281
6496,47263
6497,52023
6498,40067
6499,60120
6500,26097
6501,79286
6502,2361
6503,71340
6504,64275
6505,32030
6506,31108
6507,27156
6508,34252
6509,64424
6510,27214
6511,202329
6512,76473
6513,70493
6514,1087
6515,73068
6516,77284
6517,35025
6518,64304
6519,60367
6520,41232
6521,56111
6522,60012
6523,22185
6524,87146
6525,76455
6526,17466
6527,64350
6528,38288
6529,1437
6530,47230
6531,67045
6532,6105
6533,22207
6534,56152
6535,26157
6536,76059
6537,43074
6538,57490
6539,33298
6540,88369
6541,62566
6542,62270
6543,68352
6544,17288
6545,80803
6546,27213
6547,50487
6548,35095
6549,50444
6550,78643
6551,44164
6552,59607
6553,60137
6554,8311
6555,69176
6556,18242
6557,21050
6558,73149
6559,76750
6560,85081
6561,62405
6562,17241
6563,67360
6564,49080
6565,17447
6566,16236
6567,60328
6568,36220
6569,33151
6570,66080
6571,59243
6572,36194
6573,85303
6574,12177
6575,67108
6576,5098
6577,72325
6578,42205
6579,33077
6580,69163
6581,43162
6582,69239
6583,63132
6584,66186
6585,39013
6586,41181
6587,56161
6588,63146
6589,3113
6590,59466
6591,86220
6592,42272
6593,59414
6594,54060
6595,50485
6596,60577
6597,37115
6598,35343
6599,29077
6600,72358
6601,78299
6602,71286
6603,33293
6604,1351
6605,1105
6606,81218
6607,28121
6608,76640
6609,18271
6610,63202
6611,62415
6612,66037
6613,49218
6614,31183
6615,26087
6616,1145
6617,86073
6618,14248
6619,49138
6620,7016
6621,1419
6622,11015
6623,68201
6624,25419
6625,45154
6626,60601
6627,60188
6628,14131
6629,53007
6630,83055
6631,2524
6632,39350
6633,35090
6634,71007
6635,39128
6636,78502
6637,47217
6638,21006
6639,45025
6640,39171
6641,89023
6642,7203
6643,42266
6644,62705
6645,76189
6646,72189
6647,57480
6648,80185
6649,76210
6650,10433
6651,57465
6652,27511
6653,67535
6654,83064
6655,16232
6656,97234
6657,3025
6658,52538
6659,46157
6660,87178
6661,31144
6662,57749
6663,71384
6664,5068
6665,46200
6666,65035
6667,202337
6668,54242
6669,98712
6670,85158
6671,34281
6672,62139
6673,62307
6674,44101
6675,201018
6676,11042
6677,68256
6678,32119
6679,38499
6680,71087
6681,28116
6682,88313
6683,11085
6684,45102
6685,83145
6686,81124
6687,202162
6688,71005
6689,8403
6690,64068
6691,51538
6692,35332
6693,59152
6694,4116
6695,58287
6696,77315
6697,33150
6698,60141
6699,21522
6700,33395
6701,49193
6702,62147
6703,45095
6704,57295
6705,60643
6706,7307
6707,65301
6708,3082
6709,56236
6710,74180
6711,7278
6712,28319
6713,14563
6714,34140
6715,14334
6716,79123
6717,68082
6718,50215
6719,62128
6720,1091
6721,38511
6722,57614
6723,34325
6724,71342
6725,76550
6726,76738
6727,35185
6728,88173
6729,80804
6730,31381
6731,37151
6732,22323
6733,81074
6734,31143
6735,35331
6736,33236
6737,49311
6738,44100
6739,37060
6740,47145
6741,65145
6742,54472
6743,85080
6744,28198
6745,61487
6746,59334
6747,76465
6748,17387
6749,28409
6750,78082
6751,36046
6752,47313
6753,76636
6754,33339
6755,79003
6756,31550
6757,89124
6758,59415
6759,29117
6760,32365
6761,60581
6762,71090
6763,34310
6764,25356
6765,38315
6766,61096
6767,90012
6768,40179
6769,36006
6770,39211
6771,79066
6772,38035
6773,35168
6774,24084
6775,1424
6776,60100
6777,50428
6778,69100
6779,57667
6780,59110
6781,53178
6782,97613
6783,34249
6784,85128
6785,48002
6786,15076
6787,57227
6788,71123
6789,81090
6790,82136
6791,12194
6792,29056
6793,88367
6794,18145
6795,1304
6796,97617
6797,54257
6798,57426
6799,67203
6800,17308
6801,38561
6802,13082
6803,72373
6804,16207
6805,86133
6806,54314
6807,12266
6808,39530
6809,27428
6810,59028
6811,62338
6812,95026
6813,35257
6814,82137
6815,65452
6816,55244
6817,89263
6818,60590
6819,36031
6820,12219
6821,59615
6822,85064
6823,85172
6824,68036
6825,60500
6826,54321
6827,64120
6828,63219
6829,25463
6830,64458
6831,83146
6832,77320
6833,67529
6834,70478
6835,88101
6836,59163
6837,68253
6838,62490
6839,69171
6840,10115
6841,3218
6842,88415
6843,18052
6844,12088
6845,74169
6846,56168
6847,44220
6848,66230
6849,24025
6850,41226
6851,80661
6852,37023
6853,17163
6854,18006
6855,7289
6856,39261
6857,78070
6858,62897
6859,35009
6860,35169
6861,50359
6862,5050
6863,33042
6864,41209
6865,59389
6866,24392
6867,27598
6868,71297
6869,37150
6870,63215
6871,15108
6872,85255
6873,77029
6874,18058
6875,29147
6876,50549
6877,14678
6878,35179
6879,28372
6880,24147
6881,60313
6882,57497
6883,64116
6884,25403
6885,56174
6886,53061
6887,202055
6888,77273
6889,54157
6890,80688
6891,65182
6892,1153
6893,13111
6894,30263
6895,54079
6896,78396
6897,38070
6898,12016
6899,14626
6900,29282
6901,34218
6902,88219
6903,54416
6904,37059
6905,70356
6906,27662
6907,21177
6908,63207
6909,64363
6910,30261
6911,57498
6912,14066
6913,35240
6914,7334
6915,85087
6916,26295
6917,76382
6918,79174
6919,85108
6920,32396
6921,72363
6922,3294
6923,44024
6924,53124
6925,1265
6926,67165
6927,36035
6928,51536
6929,57483
6930,17344
6931,28417
6932,80649
6933,3159
6934,33489
6935,85009
6936,63193
6937,81130
6938,2031
6939,50388
6940,37014
6941,54525
6942,28169
6943,77381
6944,7240
6945,12197
6946,32183
6947,22055
6948,57124
6949,62529
6950,29262
6951,30046
6952,77374
6953,85031
6954,27534
6955,29153
6956,61344
6957,16413
6958,60129
6959,26322
6960,22254
6961,1204
6962,76178
6963,62355
6964,55083
6965,62094
6966,81279
6967,25387
6968,51278
6969,42019
6970,42285
6971,51504
6972,86053
6973,56194
6974,6121
6975,27507
6976,78686
6977,18234
6978,22173
6979,51535
6980,85027
6981,35302
6982,68103
6983,21196
6984,40089
6985,56092
6986,13060
6987,35029
6988,19140
6989,79205
6990,46231
6991,5142
6992,51393
6993,83009
6994,33418
6995,81131
6996,77044
6997,43213
6998,77389
6999,77377
7000,45028
7001,25623
7002,74255
7003,84072
7004,21708
7005,60631
7006,22101
7007,46268
7008,7295
7009,34159
7010,68084
7011,6025
7012,42022
7013,1381
7014,54189
7015,15042
7016,63406
7017,60481
7018,81021
7019,6127
7020,2720
7021,22206
7022,45064
7023,70160
7024,60452
7025,37171
7026,39251
7027,97212
7028,26041
7029,60325
7030,25275
7031,51254
7032,7027
7033,40269
7034,24557
7035,1397
7036,45139
7037,14456
7038,28367
7039,77280
7040,57535
7041,14102
7042,12107
7043,15066
7044,90015
7045,17171
7046,80827
7047,97126
7048,29010
7049,24527
7050,7327
7051,78263
7052,58164
7053,77067
7054,83053
7055,87191
7056,56128
7057,29265
7058,89128
7059,31334
7060,80721
7061,86116
7062,45195
7063,3167
7064,47121
7065,38434
7066,25145
7067,4120
7068,60287
7069,54091
7070,31220
7071,69299
7072,65320
7073,74292
7074,38337
7075,83016
7076,17339
7077,76291
7078,71106
7079,65251
7080,62770
7081,56223
7082,59523
7083,60079
7084,39526
7085,8406
7086,31254
7087,3312
7088,24437
7089,97131
7090,7078
7091,77341
7092,28239
7093,85126
7094,27514
7095,76671
7096,51474
7097,49224
7098,98753
7099,27638
7100,80039
7101,70514
7102,47032
7103,24010
7104,60253
7105,41120
7106,64273
7107,86139
7108,22047
7109,80481
7110,44036
7111,68045
7112,55391
7113,32286
7114,91225
7115,42139
7116,51252
7117,47283
7118,10358
7119,56101
7120,63120
7121,28393
7122,28265
7123,63003
7124,62326
7125,35227
7126,86274
7127,77090
7128,62258
7129,35285
7130,42248
7131,2470
7132,9006
7133,73156
7134,72381
7135,54186
7136,61110
7137,88393
7138,85106
7139,95002
7140,68090
7141,76743
7142,69235
7143,97222
7144,89405
7145,21183
7146,84118
7147,89427
7148,55072
7149,28278
7150,32104
7151,45219
7152,11430
7153,81297
7154,38560
7155,43113
7156,50539
7157,35264
7158,28196
7159,64233
7160,67099
7161,66228
7162,77176
7163,81202
7164,202173
7165,61339
7166,45146
7167,10034
7168,50363
7169,80380
7170,7343
7171,85112
7172,49183
7173,2714
7174,5021
7175,24186
7176,51410
7177,28140
7178,62225
7179,63026
7180,76595
7181,79005
7182,50151
7183,7230
7184,14731
7185,42316
7186,95287
7187,4063
7188,91243
7189,79076
7190,28341
7191,45243
7192,71360
7193,84126
7194,88516
7195,16383
7196,80825
7197,89471
7198,42043
7199,24102
7200,62457
7201,24009
7202,22347
7203,22137
7204,69059
7205,81038
7206,34132
7207,67370
7208,95011
7209,32388
7210,27697
7211,45049
7212,11099
7213,59475
7214,32377
7215,35128
7216,55054
7217,78385
7218,76195
7219,28374
7220,63296
7221,27107
7222,34031
7223,72094
7224,68375
7225,54296
7226,25033
7227,76140
7228,26292
7229,71462
7230,35195
7231,45141
7232,32016
7233,50551
7234,35266
7235,73284
7236,56069
7237,71277
7238,24462
7239,35271
7240,85018
7241,61183
7242,71583
7243,9296
7244,45257
7245,1350
7246,14556
7247,24167
7248,24586
7249,37267
7250,55069
7251,68088
7252,47038
7253,67019
7254,84035
7255,59104
7256,60477
7257,34130
7258,70247
7259,52110
7260,29277
7261,68192
7262,24451
7263,63420
7264,63271
7265,55181
7266,81144
7267,10055
7268,86271
7269,69248
7270,27146
7271,23140
7272,78642
7273,64367
7274,76366
7275,85299
7276,62353
7277,11165
7278,64538
7279,16276
7280,33458
7281,71267
7282,3063
7283,68252
7284,39275
7285,73326
7286,2303
7287,17212
7288,26160
7289,42216
7290,13038
7291,85071
7292,1098
7293,22365
7294,72276
7295,55245
7296,71444
7297,88287
7298,42166
7299,11270
7300,27412
7301,32370
7302,87070
7303,95355
7304,97227
7305,1139
7306,35098
7307,9173
7308,40011
7309,62263
7310,4236
7311,39475
7312,71027
7313,62005
7314,3127
7315,57599
7316,53030
7317,14590
7318,53218
7319,3305
7320,35123
7321,27115
7322,38006
7323,24472
7324,38075
7325,35339
7326,55454
7327,9108
7328,6015
7329,24234
7330,24189
7331,21339
7332,59611
7333,42169
7334,58178
7335,59227
7336,51617
7337,44133
7338,58189
7339,11379
7340,13107
7341,72169
7342,59411
7343,6130
7344,57481
7345,59213
7346,8448
7347,4049
7348,68152
7349,35023
7350,56189
7351,34183
7352,30269
7353,54540
7354,33523
7355,49257
7356,61476
7357,43103
7358,82113
7359,73007
7360,13023
7361,97133
7362,10317
7363,76476
7364,201001
7365,41151
7366,50565
7367,33252
7368,37245
7369,13102
7370,42066
7371,71436
7372,27074
7373,85208
7374,91414
7375,38256
7376,21699
7377,80299
7378,57679
7379,77100
7380,21630
7381,1347
7382,5167
7383,1296
7384,38562
7385,38524
7386,98724
7387,38137
7388,48108
7389,90009
7390,86007
7391,98731
7392,27165
7393,34147
7394,38240
7395,16229
7396,14258
7397,31182
7398,52072
7399,36128
7400,59273
7401,77104
7402,47143
7403,16320
7404,2067
7405,11018
7406,40025
7407,83021
7408,202223
7409,60104
7410,59155
7411,14160
7412,10095
7413,80724
7414,11202
7415,27234
7416,67520
7417,31160
7418,74074
7419,13104
7420,26271
7421,8355
7422,76391
7423,80126
7424,89353
7425,39189
7426,54235
7427,1427
7428,50217
7429,9167
7430,32005
7431,4108
7432,77144
7433,24054
7434,50618
7435,33527
7436,13034
7437,73154
7438,62472
7439,70081
7440,48075
7441,79204
7442,1325
7443,25018
7444,29240
7445,76432
7446,32207
7447,38349
7448,27580
7449,91525
7450,91333
7451,59479
7452,22337
7453,77532
7454,76238
7455,80107
7456,4121
7457,67029
7458,80746
7459,60516
7460,51144
7461,72047
7462,12159
7463,85072
7464,79349
7465,76160
7466,4008
7467,50118
7468,66101
7469,25317
7470,60027
7471,3195
7472,88090
7473,66003
7474,74198
7475,52479
7476,68246
7477,59059
7478,19005
7479,39259
7480,48144
7481,88135
7482,59592
7483,34204
7484,7264
7485,40295
7486,35225
7487,30348
7488,43174
7489,57289
7490,61064
7491,27417
7492,26010
7493,91560
7494,7130
7495,22208
7496,40019
7497,67052
7498,59566
7499,80065
7500,29129
7501,44122
7502,65310
7503,45274
7504,29146
7505,50117
7506,11294
7507,42198
7508,71171
7509,62727
7510,57389
7511,202074
7512,9131
7513,12059
7514,5079
7515,41049
7516,40264
7517,38267
7518,47252
7519,18226
7520,24572
7521,21053
7522,77477
7523,30130
7524,25454
7525,12142
7526,25157
7527,88436
7528,17213
7529,83133
7530,77451
7531,66227
7532,56110
7533,18126
7534,59025
7535,24326
7536,53140
7537,95395
7538,28418
7539,60495
7540,19223
7541,77162
7542,55500
7543,31506
7544,28259
7545,45155
7546,16287
7547,4069
7548,63327
7549,27226
7550,88383
7551,68248
7552,32402
7553,88123
7554,65022
7555,33300
7556,71372
7557,44019
7558,83099
7559,6071
7560,11090
7561,3106
7562,59659
7563,14740
7564,85001
7565,77203
7566,29207
7567,7234
7568,35031
7569,35049
7570,64315
7571,37260
7572,64430
7573,6098
7574,63038
7575,62867
7576,62688
7577,25410
7578,57487
7579,79235
7580,66193
7581,64016
7582,59067
7583,48017
7584,71391
7585,202256
7586,3313
7587,81097
7588,26303
7589,22277
7590,69193
7591,60435
7592,7216
7593,23178
7594,37039
7595,62825
7596,89456
7597,44115
7598,74062
7599,67474
7600,22234
7601,62477
7602,14038
7603,48086
7604,21362
7605,25112
7606,50564
7607,58227
7608,12161
7609,6043
7610,53016
7611,30281
7612,77302
7613,76700
7614,33264
7615,62886
7616,39323
7617,42213
7618,25148
7619,85193
7620,35188
7621,51631
7622,86204
7623,67292
7624,57479
7625,41155
7626,89080
7627,78123
7628,64126
7629,17224
7630,44148
7631,71483
7632,41031
7633,55573
7634,1273
7635,62075
7636,68258
7637,81289
7638,89133
7639,72359
7640,48072
7641,202318
7642,24362
7643,81018
7644,4174
7645,72129
7646,59239
7647,6114
7648,48064
7649,74182
7650,16378
7651,78530
7652,51016
7653,45144
7654,42199
7655,98829
7656,67351
7657,48032
7658,62624
7659,69211
7660,51544
7661,59295
7662,74011
7663,54165
7664,61156
7665,26116
7666,44061
7667,22219
7668,64083
7669,67438
7670,79127
7671,28110
7672,77191
7673,88423
7674,31375
7675,8173
7676,7156
7677,60489
7678,42241
7679,18223
7680,38467
7681,73053
7682,37167
7683,38400
7684,91405
7685,3304
7686,57691
7687,74250
7688,89384
7689,76517
7690,29049
7691,21016
7692,91137
7693,76545
7694,86054
7695,57114
7696,87181
7697,52045
7698,88079
7699,36158
7700,10276
7701,4189
7702,202168
7703,23031
7704,14494
7705,79216
7706,91135
7707,61082
7708,74241
7709,76489
7710,40122
7711,36071
7712,2084
7713,60636
7714,79276
7715,29113
7716,3008
7717,70171
7718,80779
7719,80694
7720,57060
7721,48104
7722,32419
7723,66115
7724,71100
7725,48092
7726,42238
7727,54394
7728,63128
7729,38417
7730,63386
7731,3193
7732,64172
7733,49053
7734,31076
7735,12057
7736,38238
7737,72050
7738,29076
7739,72161
7740,67106
7741,38357
7742,55501
7743,22376
7744,55574
7745,77012
7746,74090
7747,24448
7748,35337
7749,43111
7750,54563
7751,18213
7752,11065
7753,35097
7754,58122
7755,28141
7756,3044
7757,22210
7758,77365
7759,74171
7760,25222
7761,59401
7762,23131
7763,91044
7764,84089
7765,59323
7766,30062
7767,65369
7768,39101
7769,34010
7770,1067
7771,48069
7772,16307
7773,59165
7774,71502
7775,45061
7776,69125
7777,7204
7778,89172
7779,56176
7780,16195
7781,4079
7782,33225
7783,26299
7784,18225
7785,34221
7786,30253
7787,70085
7788,18167
7789,87153
7790,22246
7791,11148
7792,18240
7793,45297
7794,30117
7795,43244
7796,14504
7797,14587
7798,9255
7799,68296
7800,7138
7801,76622
7802,80192
7803,3020
7804,44152
7805,13119
7806,25196
7807,59533
7808,98811
7809,26206
7810,29111
7811,45026
7812,74006
7813,25036
7814,202167
7815,28064
7816,71430
7817,34002
7818,98754
7819,29280
7820,59341
7821,41131
7822,31330
7823,1123
7824,60665
7825,42331
7826,59598
7827,74258
7828,71367
7829,29101
7830,3013
7831,29218
7832,80580
7833,24126
7834,41040
7835,78048
7836,30346
7837,85216
7838,47284
7839,44015
7840,14620
7841,10149
7842,88446
7843,15174
7844,97420
7845,7062
7846,22354
7847,13013
7848,95388
7849,40063
7850,7040
7851,76714
7852,73306
7853,35356
7854,27567
7855,38528
7856,60700
7857,39327
7858,3045
7859,2511
7860,202201
7861,76728
7862,50232
7863,76325
7864,29297
7865,78431
7866,76439
7867,61392
7868,56207
7869,65313
7870,202319
7871,34144
7872,2558
7873,40296
7874,41008
7875,36030
7876,28358
7877,16136
7878,85278
7879,13062
7880,2659
7881,14020
7882,60086
7883,64368
7884,45040
7885,60127
7886,69066
7887,5058
7888,30331
7889,1401
7890,59221
7891,3095
7892,32054
7893,38458
7894,40202
7895,14079
7896,56263
7897,73285
7898,82087
7899,86137
7900,28426
7901,46051
7902,52265
7903,87199
7904,80316
7905,80333
7906,76705
7907,14076
7908,2729
7909,33046
7910,62573
7911,97308
7912,81195
7913,53213
7914,74308
7915,34029
7916,82052
7917,60183
7918,70415
7919,14383
7920,67547
7921,62485
7922,59312
7923,44153
7924,59164
7925,49068
7926,89399
7927,42302
7928,34057
7929,58300
7930,4062
7931,40171
7932,54123
7933,8361
7934,29160
7935,69174
7936,51052
7937,37192
7938,38408
7939,53267
7940,22045
7941,53031
7942,14088
7943,2374
7944,1457
7945,11436
7946,86039
7947,67202
7948,14103
7949,56147
7950,17099
7951,79126
7952,52327
7953,56057
7954,54355
7955,31389
7956,31109
7957,43087
7958,67345
7959,1445
7960,42099
7961,38180
7962,27073
7963,63455
7964,89208
7965,18001
7966,34162
7967,14059
7968,62089
7969,41126
7970,1191
7971,72231
7972,11188
7973,36034
7974,85160
7975,29166
7976,87143
7977,82031
7978,27275
7979,28225
7980,59036
7981,41074
7982,78089
7983,24142
7984,11209
7985,59069
7986,88525
7987,21609
7988,74040
7989,83044
7990,84049
7991,46221
7992,77368
7993,72156
7994,21180
7995,8188
7996,31208
7997,48130
7998,76143
7999,22013
8000,30227
8001,37113
8002,38516
8003,36172
8004,26005
8005,24004
8006,9038
8007,56048
8008,11253
8009,25074
8010,1143
8011,57288
8012,77406
8013,53185
8014,60363
8015,17230
8016,76450
8017,88020
8018,59332
8019,30116
8020,37091
8021,27487
8022,50002
8023,16106
8024,14244
8025,25298
8026,95445
8027,64138
8028,56178
8029,54053
8030,37068
8031,59194
8032,56248
8033,37046
8034,29173
8035,62261
8036,81209
8037,36237
8038,3211
8039,51036
8040,9194
8041,4219
8042,26155
8043,29184
8044,37126
8045,47055
8046,91180
8047,60619
8048,77070
8049,52004
8050,51340
8051,18157
8052,72376
8053,68073
8054,95592
8055,60644
8056,78615
8057,71194
8058,13021
8059,97206
8060,11138
8061,37217
8062,77145
8063,21150
8064,7155
8065,61161
8066,47086
8067,50379
8068,68016
8069,49067
8070,17486
8071,29071
8072,51107
8073,10250
8074,59161
8075,64451
8076,67303
8077,81306
8078,4145
8079,201098
8080,76603
8081,97417
8082,44215
8083,17324
8084,26290
8085,8212
8086,60497
8087,38340
8088,38068
8089,31324
8090,49188
8091,13058
8092,24172
8093,22364
8094,6037
8095,65130
8096,35301
8097,42283
8098,65258
8099,60330
8100,8302
8101,2196
8102,72278
8103,15077
8104,1343
8105,4035
8106,62057
8107,38455
8108,15113
8109,59569
8110,76549
8111,37236
8112,34199
8113,51298
8114,88233
8115,53087
8116,76532
8117,63210
8118,88078
8119,45129
8120,46329
8121,47265
8122,50483
8123,33496
8124,17285
8125,76282
8126,6162
8127,52123
8128,18062
8129,49030
8130,26156
8131,34259
8132,62835
8133,74160
8134,41278
8135,95055
8136,67281
8137,7198
8138,43216
8139,84149
8140,80336
8141,54332
8142,79102
8143,25014
8144,91458
8145,39453
8146,50090
8147,44087
8148,53089
8149,72145
8150,95023
8151,1008
8152,53096
8153,60333
8154,30349
8155,57321
8156,26326
8157,59497
8158,4160
8159,5070
8160,32406
8161,30133
8162,71143
8163,76068
8164,38153
8165,37131
8166,47033
8167,57049
8168,29241
8169,84123
8170,86121
8171,41067
8172,97501
8173,69063
8174,47225
8175,5119
8176,85042
8177,67183
8178,58210
8179,64290
8180,5092
8181,67061
8182,62290
8183,41241
8184,10091
8185,27684
8186,76235
8187,76113
8188,27011
8189,38548
8190,29238
8191,19148
8192,80288
8193,79103
8194,45248
8195,53011
8196,80130
8197,32405
8198,53143
8199,62366
8200,55192
8201,71170
8202,33205
8203,53086
8204,41114
8205,54415
8206,52306
8207,18268
8208,72264
8209,2569
8210,69292
8211,77357
8212,62036
8213,67078
8214,47095
8215,60392
8216,8479
8217,10401
8218,38249
8219,82108
8220,2735
8221,1372
8222,47192
8223,14149
8224,86226
8225,5180
8226,1010
8227,45081
8228,76304
8229,40320
8230,81100
8231,21411
8232,19068
8233,30014
8234,81252
8235,27313
8236,17337
8237,60613
8238,39288
8239,27051
8240,14198
8241,79050
8242,67008
8243,39097
8244,79236
8245,61276
8246,38536
8247,45269
8248,201262
8249,62019
8250,22190
8251,6099
8252,49176
8253,73312
8254,68038
8255,29211
8256,7115
8257,13080
8258,73123
8259,79101
8260,46307
8261,89200
8262,23207
8263,38093
8264,17367
8265,34256
8266,59489
8267,12290
8268,54072
8269,37011
8270,55360
8271,4172
8272,91577
8273,74073
8274,23037
8275,42215
8276,35284
8277,16300
8278,34241
8279,62035
8280,4061
8281,73192
8282,26353
8283,90045
8284,13074
8285,79345
8286,21139
8287,86157
8288,9149
8289,59228
8290,7008
8291,78683
8292,62276
8293,60223
8294,50137
8295,8262
8296,1321
8297,82019
8298,27377
8299,50593
8300,38099
8301,22065
8302,79010
8303,34013
8304,35149
8305,83094
8306,60549
8307,1376
8308,57142
8309,38323
8310,63226
8311,52315
8312,24150
8313,61456
8314,4088
8315,28294
8316,16400
8317,1320
8318,60195
8319,28219
8320,24291
8321,31052
8322,63206
8323,79014
8324,16025
8325,78138
8326,49182
8327,97614
8328,98824
8329,41046
8330,95102
8331,72328
8332,24079
8333,64522
8334,45346
8335,87008
8336,95652
8337,3223
8338,95353
8339,42204
8340,77049
8341,40150
8342,69154
8343,69107
8344,2746
8345,59525
8346,7200
8347,16105
8348,90008
8349,85095
8350,71441
8351,17373
8352,24194
8353,61208
8354,71522
8355,47165
8356,201163
8357,86287
8358,51594
8359,55102
8360,50467
8361,32053
8362,45256
8363,40200
8364,25280
8365,62874
8366,76402
8367,62540
8368,12131
8369,86006
8370,33518
8371,42315
8372,59454
8373,24294
8374,25313
8375,201203
8376,62214
8377,34321
8378,47060
8379,3056
8380,64008
8381,3097
8382,29257
8383,27398
8384,33062
8385,12064
8386,59197
8387,72187
8388,8419
8389,80782
8390,81249
8391,85244
8392,70240
8393,41229
8394,63211
8395,62534
8396,79319
8397,41053
8398,79285
8399,89171
8400,47239
8401,80010
8402,43177
8403,22019
8404,25519
8405,80646
8406,22272
8407,63148
8408,85213
8409,79090
8410,45085
8411,35247
8412,71069
8413,59428
8414,44211
8415,82135
8416,12186
8417,1418
8418,85011
8419,51268
8420,74124
8421,83138
8422,77344
8423,5115
8424,57222
8425,56114
8426,54571
8427,10061
8428,64101
8429,12044
8430,85210
8431,54277
8432,56058
8433,85182
8434,88530
8435,89168
8436,66140
8437,63350
8438,41158
8439,71120
8440,53085
8441,82030
8442,59375
8443,71235
8444,85048
8445,87032
8446,88362
8447,72127
8448,53197
8449,41234
8450,46120
8451,52491
8452,49367
8453,34253
8454,62397
8455,69121
8456,60666
8457,37035
8458,28041
8459,89013
8460,88417
8461,28276
8462,69035
8463,17477
8464,9217
8465,24308
8466,50516
8467,70037
8468,33187
8469,35196
8470,15045
8471,42228
8472,68327
8473,64094
8474,48127
8475,51088
8476,69249
8477,54040
8478,95409
8479,95574
8480,1281
8481,59641
8482,59082
8483,84047
8484,6126
8485,44099
8486,57588
8487,59167
8488,74050
8489,38268
8490,53272
8491,62870
8492,6058
8493,77111
8494,62014
8495,25320
8496,39046
8497,27518
8498,51599
8499,78548
8500,88488
8501,62907
8502,11067
8503,57102
8504,89378
8505,44025
8506,69219
8507,29059
8508,60020
8509,67278
8510,51204
8511,61048
8512,70198
8513,25559
8514,18233
8515,77139
8516,45126
8517,56247
8518,38040
8519,73288
8520,56219
8521,79176
8522,1199
8523,59385
8524,44012
8525,28267
8526,51312
8527,88222
8528,1157
8529,31284
8530,74278
8531,82079
8532,56155
8533,73258
8534,71001
8535,11289
8536,53037
8537,37266
8538,56200
8539,33541
8540,2376
8541,42159
8542,80368
8543,43089
8544,53216
8545,77013
8546,60403
8547,46005
8548,80116
8549,54371
8550,27597
8551,89034
8552,82102
8553,14607
8554,53059
8555,12156
8556,59051
8557,23151
8558,7314
8559,51097
8560,11220
8561,54400
8562,17307
8563,1108
8564,17369
8565,12223
8566,6108
8567,76522
8568,1183
8569,88099
8570,28337
8571,55132
8572,16101
8573,44166
8574,38184
8575,27096
8576,89289
8577,39415
8578,46228
8579,62668
8580,14589
8581,17404
8582,29273
8583,62726
8584,10084
8585,31427
8586,60316
8587,95563
8588,52278
8589,44073
8590,79351
8591,98722
8592,29161
8593,1314
8594,84026
8595,5162
8596,34094
8597,28171
8598,62297
8599,15156
8600,14085
8601,86165
8602,69133
8603,27227
8604,53048
8605,74112
8606,72166
8607,73153
8608,83083
8609,64112
8610,58017
8611,58208
8612,36042
8613,51492
8614,78420
8615,55268
8616,28253
8617,25440
8618,76232
8619,3104
8620,84104
8621,7197
8622,27341
8623,4200
8624,63291
8625,87079
8626,19057
8627,80512
8628,34161
8629,34090
8630,73096
8631,72132
8632,27384
8633,52037
8634,63066
8635,97102
8636,72226
8637,6065
8638,63204
8639,61369
8640,28059
8641,1229
8642,28087
8643,31246
8644,3227
8645,54146
8646,37067
8647,15061
8648,78564
8649,25258
8650,12254
8651,22181
8652,27424
8653,71499
8654,60558
8655,10148
8656,21492
8657,56164
8658,22158
8659,3132
8660,39546
8661,17051
8662,34251
8663,26162
8664,10381
8665,46144
8666,74143
8667,80798
8668,71223
8669,2323
8670,56119
8671,30206
8672,46128
8673,77170
8674,67394
8675,59465
8676,61074
8677,15140
8678,1240
8679,73188
8680,55443
8681,9189
8682,36136
8683,33220
8684,42284
8685,71379
8686,57606
8687,59174
8688,14200
8689,89209
8690,32458
8691,66114
8692,60595
8693,41166
8694,81132
8695,44144
8696,60552
8697,22147
8698,7101
8699,1216
8700,72290
8701,35067
8702,37054
8703,26148
8704,88344
8705,202242
8706,76515
8707,33535
8708,62413
8709,29275
8710,74007
8711,39548
8712,29008
8713,33226
8714,35132
8715,49201
8716,13079
8717,59383
8718,78623
8719,78499
8720,64504
8721,76202
8722,89373
8723,38120
8724,22079
8725,67302
8726,34064
8727,7312
8728,27694
8729,10334
8730,85164
8731,62481
8732,84018
8733,55434
8734,84044
8735,32165
8736,71313
8737,44120
8738,81026
8739,14701
8740,53228
8741,27421
8742,202034
8743,59430
8744,2757
8745,97419
8746,21106
8747,61075
8748,29256
8749,17232
8750,7229
8751,67085
8752,76462
8753,69036
8754,81062
8755,77316
8756,12276
8757,8328
8758,201209
8759,90063
8760,71275
8761,50480
8762,59327
8763,74080
8764,14161
8765,27123
8766,6119
8767,72244
8768,5087
8769,72088
8770,91461
8771,80447
8772,61063
8773,46003
8774,17058
8775,24146
8776,3186
8777,62620
8778,71249
8779,29176
8780,8284
8781,8291
8782,77462
8783,8032
8784,82058
8785,63427
8786,33060
8787,73025
8788,24418
8789,24404
8790,85008
8791,60248
8792,88316
8793,1074
8794,27517
8795,60336
8796,58214
8797,15187
8798,74068
8799,67044
8800,62627
8801,59133
8802,58266
8803,35078
8804,49017
8805,97108
8806,63352
8807,57071
